_from,_to
anolis2_internal/80,anolis2_internal/98
anolis2_internal/98,anolis2_internal/14
anolis2_internal/14,anolis2_internal/60
anolis2_internal/60,anolis2_internal/63
anolis2_internal/63,anolis2_internal/50
anolis2_internal/50,anolis2_internal/89
anolis2_internal/89,anolis2_internal/79
anolis2_internal/79,anolis2_leaf/84
anolis2_internal/79,anolis2_leaf/32
anolis2_internal/89,anolis2_leaf/70
anolis2_internal/50,anolis2_leaf/78
anolis2_internal/63,anolis2_internal/34
anolis2_internal/34,anolis2_internal/35
anolis2_internal/35,anolis2_internal/74
anolis2_internal/74,anolis2_internal/54
anolis2_internal/54,anolis2_leaf/72
anolis2_internal/54,anolis2_internal/7
anolis2_internal/7,anolis2_leaf/22
anolis2_internal/7,anolis2_leaf/13
anolis2_internal/74,anolis2_leaf/60
anolis2_internal/35,anolis2_leaf/46
anolis2_internal/34,anolis2_internal/55
anolis2_internal/55,anolis2_internal/53
anolis2_internal/53,anolis2_internal/76
anolis2_internal/76,anolis2_leaf/28
anolis2_internal/76,anolis2_leaf/5
anolis2_internal/53,anolis2_leaf/40
anolis2_internal/55,anolis2_leaf/86
anolis2_internal/60,anolis2_internal/21
anolis2_internal/21,anolis2_internal/11
anolis2_internal/11,anolis2_internal/85
anolis2_internal/85,anolis2_internal/66
anolis2_internal/66,anolis2_leaf/53
anolis2_internal/66,anolis2_leaf/64
anolis2_internal/85,anolis2_leaf/31
anolis2_internal/11,anolis2_leaf/77
anolis2_internal/21,anolis2_internal/86
anolis2_internal/86,anolis2_leaf/58
anolis2_internal/86,anolis2_leaf/98
anolis2_internal/14,anolis2_internal/26
anolis2_internal/26,anolis2_internal/49
anolis2_internal/49,anolis2_internal/69
anolis2_internal/69,anolis2_leaf/16
anolis2_internal/69,anolis2_leaf/81
anolis2_internal/49,anolis2_internal/17
anolis2_internal/17,anolis2_internal/2
anolis2_internal/2,anolis2_internal/84
anolis2_internal/84,anolis2_leaf/75
anolis2_internal/84,anolis2_leaf/3
anolis2_internal/2,anolis2_internal/41
anolis2_internal/41,anolis2_leaf/73
anolis2_internal/41,anolis2_leaf/61
anolis2_internal/17,anolis2_internal/92
anolis2_internal/92,anolis2_leaf/34
anolis2_internal/92,anolis2_leaf/21
anolis2_internal/26,anolis2_internal/77
anolis2_internal/77,anolis2_internal/4
anolis2_internal/4,anolis2_internal/96
anolis2_internal/96,anolis2_leaf/23
anolis2_internal/96,anolis2_internal/13
anolis2_internal/13,anolis2_leaf/87
anolis2_internal/13,anolis2_leaf/51
anolis2_internal/4,anolis2_leaf/9
anolis2_internal/77,anolis2_leaf/47
anolis2_internal/98,anolis2_internal/31
anolis2_internal/31,anolis2_internal/36
anolis2_internal/36,anolis2_internal/6
anolis2_internal/6,anolis2_leaf/93
anolis2_internal/6,anolis2_internal/82
anolis2_internal/82,anolis2_internal/30
anolis2_internal/30,anolis2_internal/70
anolis2_internal/70,anolis2_leaf/10
anolis2_internal/70,anolis2_leaf/69
anolis2_internal/30,anolis2_leaf/8
anolis2_internal/82,anolis2_internal/81
anolis2_internal/81,anolis2_leaf/85
anolis2_internal/81,anolis2_internal/33
anolis2_internal/33,anolis2_leaf/71
anolis2_internal/33,anolis2_leaf/35
anolis2_internal/36,anolis2_internal/68
anolis2_internal/68,anolis2_internal/23
anolis2_internal/23,anolis2_internal/28
anolis2_internal/28,anolis2_internal/15
anolis2_internal/15,anolis2_leaf/1
anolis2_internal/15,anolis2_internal/42
anolis2_internal/42,anolis2_internal/8
anolis2_internal/8,anolis2_leaf/15
anolis2_internal/8,anolis2_leaf/18
anolis2_internal/42,anolis2_internal/88
anolis2_internal/88,anolis2_internal/46
anolis2_internal/46,anolis2_leaf/7
anolis2_internal/46,anolis2_leaf/14
anolis2_internal/88,anolis2_leaf/56
anolis2_internal/28,anolis2_internal/19
anolis2_internal/19,anolis2_leaf/44
anolis2_internal/19,anolis2_leaf/83
anolis2_internal/23,anolis2_leaf/92
anolis2_internal/68,anolis2_internal/64
anolis2_internal/64,anolis2_internal/39
anolis2_internal/39,anolis2_internal/44
anolis2_internal/44,anolis2_internal/24
anolis2_internal/24,anolis2_internal/71
anolis2_internal/71,anolis2_internal/29
anolis2_internal/29,anolis2_leaf/55
anolis2_internal/29,anolis2_leaf/66
anolis2_internal/71,anolis2_leaf/11
anolis2_internal/24,anolis2_leaf/12
anolis2_internal/44,anolis2_leaf/25
anolis2_internal/39,anolis2_leaf/95
anolis2_internal/64,anolis2_internal/94
anolis2_internal/94,anolis2_leaf/68
anolis2_internal/94,anolis2_internal/93
anolis2_internal/93,anolis2_leaf/6
anolis2_internal/93,anolis2_internal/40
anolis2_internal/40,anolis2_leaf/27
anolis2_internal/40,anolis2_leaf/63
anolis2_internal/31,anolis2_internal/83
anolis2_internal/83,anolis2_internal/87
anolis2_internal/87,anolis2_internal/65
anolis2_internal/65,anolis2_internal/78
anolis2_internal/78,anolis2_internal/43
anolis2_internal/43,anolis2_internal/90
anolis2_internal/90,anolis2_internal/25
anolis2_internal/25,anolis2_internal/38
anolis2_internal/38,anolis2_leaf/2
anolis2_internal/38,anolis2_leaf/24
anolis2_internal/25,anolis2_leaf/54
anolis2_internal/90,anolis2_internal/32
anolis2_internal/32,anolis2_leaf/48
anolis2_internal/32,anolis2_leaf/39
anolis2_internal/43,anolis2_internal/62
anolis2_internal/62,anolis2_internal/0
anolis2_internal/0,anolis2_internal/51
anolis2_internal/51,anolis2_leaf/80
anolis2_internal/51,anolis2_leaf/62
anolis2_internal/0,anolis2_leaf/37
anolis2_internal/62,anolis2_leaf/65
anolis2_internal/78,anolis2_leaf/20
anolis2_internal/65,anolis2_internal/27
anolis2_internal/27,anolis2_internal/16
anolis2_internal/16,anolis2_leaf/59
anolis2_internal/16,anolis2_leaf/41
anolis2_internal/27,anolis2_internal/10
anolis2_internal/10,anolis2_leaf/42
anolis2_internal/10,anolis2_internal/47
anolis2_internal/47,anolis2_leaf/82
anolis2_internal/47,anolis2_leaf/19
anolis2_internal/87,anolis2_internal/91
anolis2_internal/91,anolis2_internal/48
anolis2_internal/48,anolis2_leaf/57
anolis2_internal/48,anolis2_leaf/89
anolis2_internal/91,anolis2_internal/59
anolis2_internal/59,anolis2_internal/61
anolis2_internal/61,anolis2_internal/67
anolis2_internal/67,anolis2_leaf/0
anolis2_internal/67,anolis2_internal/72
anolis2_internal/72,anolis2_leaf/29
anolis2_internal/72,anolis2_leaf/90
anolis2_internal/61,anolis2_internal/3
anolis2_internal/3,anolis2_leaf/74
anolis2_internal/3,anolis2_leaf/38
anolis2_internal/59,anolis2_leaf/17
anolis2_internal/83,anolis2_internal/22
anolis2_internal/22,anolis2_leaf/67
anolis2_internal/22,anolis2_leaf/88
anolis2_internal/80,anolis2_internal/58
anolis2_internal/58,anolis2_internal/12
anolis2_internal/12,anolis2_internal/45
anolis2_internal/45,anolis2_leaf/36
anolis2_internal/45,anolis2_leaf/45
anolis2_internal/12,anolis2_internal/52
anolis2_internal/52,anolis2_internal/18
anolis2_internal/18,anolis2_internal/73
anolis2_internal/73,anolis2_internal/37
anolis2_internal/37,anolis2_leaf/79
anolis2_internal/37,anolis2_internal/97
anolis2_internal/97,anolis2_leaf/94
anolis2_internal/97,anolis2_leaf/4
anolis2_internal/73,anolis2_leaf/99
anolis2_internal/18,anolis2_leaf/96
anolis2_internal/52,anolis2_internal/95
anolis2_internal/95,anolis2_internal/57
anolis2_internal/57,anolis2_internal/9
anolis2_internal/9,anolis2_leaf/26
anolis2_internal/9,anolis2_internal/56
anolis2_internal/56,anolis2_leaf/33
anolis2_internal/56,anolis2_internal/5
anolis2_internal/5,anolis2_leaf/76
anolis2_internal/5,anolis2_leaf/52
anolis2_internal/57,anolis2_leaf/43
anolis2_internal/95,anolis2_internal/75
anolis2_internal/75,anolis2_internal/1
anolis2_internal/1,anolis2_internal/20
anolis2_internal/20,anolis2_leaf/30
anolis2_internal/20,anolis2_leaf/50
anolis2_internal/1,anolis2_leaf/91
anolis2_internal/75,anolis2_leaf/49
anolis2_internal/58,anolis2_leaf/97
