_from,_to
centrarchid_internal/4,centrarchid_internal/1
centrarchid_internal/1,centrarchid_internal/2
centrarchid_internal/2,centrarchid_internal/11
centrarchid_internal/11,centrarchid_leaf/4
centrarchid_internal/11,centrarchid_internal/7
centrarchid_internal/7,centrarchid_leaf/5
centrarchid_internal/7,centrarchid_internal/10
centrarchid_internal/10,centrarchid_leaf/1
centrarchid_internal/10,centrarchid_leaf/14
centrarchid_internal/2,centrarchid_internal/3
centrarchid_internal/3,centrarchid_leaf/10
centrarchid_internal/3,centrarchid_internal/15
centrarchid_internal/15,centrarchid_leaf/11
centrarchid_internal/15,centrarchid_leaf/17
centrarchid_internal/1,centrarchid_internal/13
centrarchid_internal/13,centrarchid_internal/14
centrarchid_internal/14,centrarchid_leaf/7
centrarchid_internal/14,centrarchid_leaf/3
centrarchid_internal/13,centrarchid_internal/9
centrarchid_internal/9,centrarchid_leaf/2
centrarchid_internal/9,centrarchid_internal/0
centrarchid_internal/0,centrarchid_leaf/8
centrarchid_internal/0,centrarchid_leaf/19
centrarchid_internal/4,centrarchid_internal/8
centrarchid_internal/8,centrarchid_internal/12
centrarchid_internal/12,centrarchid_leaf/0
centrarchid_internal/12,centrarchid_internal/16
centrarchid_internal/16,centrarchid_leaf/18
centrarchid_internal/16,centrarchid_internal/6
centrarchid_internal/6,centrarchid_leaf/16
centrarchid_internal/6,centrarchid_internal/18
centrarchid_internal/18,centrarchid_leaf/12
centrarchid_internal/18,centrarchid_internal/17
centrarchid_internal/17,centrarchid_leaf/9
centrarchid_internal/17,centrarchid_leaf/15
centrarchid_internal/8,centrarchid_internal/5
centrarchid_internal/5,centrarchid_leaf/13
centrarchid_internal/5,centrarchid_leaf/6
