_from,_to
kiku_internal/50,kiku_internal/56
kiku_internal/56,kiku_internal/102
kiku_internal/102,kiku_internal/77
kiku_internal/77,kiku_internal/52
kiku_internal/52,kiku_internal/68
kiku_internal/68,kiku_internal/80
kiku_internal/80,kiku_internal/10
kiku_internal/10,kiku_leaf/77
kiku_internal/10,kiku_leaf/30
kiku_internal/80,kiku_internal/61
kiku_internal/61,kiku_internal/106
kiku_internal/106,kiku_internal/98
kiku_internal/98,kiku_internal/100
kiku_internal/100,kiku_leaf/60
kiku_internal/100,kiku_leaf/33
kiku_internal/98,kiku_internal/63
kiku_internal/63,kiku_leaf/46
kiku_internal/63,kiku_leaf/57
kiku_internal/106,kiku_leaf/74
kiku_internal/61,kiku_internal/6
kiku_internal/6,kiku_internal/85
kiku_internal/85,kiku_leaf/82
kiku_internal/85,kiku_internal/18
kiku_internal/18,kiku_internal/88
kiku_internal/88,kiku_leaf/47
kiku_internal/88,kiku_leaf/25
kiku_internal/18,kiku_leaf/8
kiku_internal/6,kiku_leaf/71
kiku_internal/68,kiku_internal/58
kiku_internal/58,kiku_internal/31
kiku_internal/31,kiku_internal/89
kiku_internal/89,kiku_internal/25
kiku_internal/25,kiku_internal/12
kiku_internal/12,kiku_leaf/104
kiku_internal/12,kiku_leaf/97
kiku_internal/25,kiku_leaf/102
kiku_internal/89,kiku_leaf/90
kiku_internal/31,kiku_internal/3
kiku_internal/3,kiku_internal/13
kiku_internal/13,kiku_leaf/56
kiku_internal/13,kiku_leaf/88
kiku_internal/3,kiku_internal/96
kiku_internal/96,kiku_leaf/11
kiku_internal/96,kiku_leaf/72
kiku_internal/58,kiku_internal/71
kiku_internal/71,kiku_leaf/95
kiku_internal/71,kiku_internal/34
kiku_internal/34,kiku_leaf/39
kiku_internal/34,kiku_leaf/48
kiku_internal/52,kiku_internal/75
kiku_internal/75,kiku_internal/30
kiku_internal/30,kiku_leaf/79
kiku_internal/30,kiku_leaf/51
kiku_internal/75,kiku_internal/70
kiku_internal/70,kiku_leaf/18
kiku_internal/70,kiku_leaf/36
kiku_internal/77,kiku_internal/92
kiku_internal/92,kiku_internal/76
kiku_internal/76,kiku_internal/54
kiku_internal/54,kiku_internal/38
kiku_internal/38,kiku_internal/109
kiku_internal/109,kiku_internal/107
kiku_internal/107,kiku_internal/37
kiku_internal/37,kiku_internal/33
kiku_internal/33,kiku_internal/14
kiku_internal/14,kiku_leaf/109
kiku_internal/14,kiku_internal/53
kiku_internal/53,kiku_leaf/12
kiku_internal/53,kiku_leaf/66
kiku_internal/33,kiku_leaf/15
kiku_internal/37,kiku_internal/27
kiku_internal/27,kiku_internal/90
kiku_internal/90,kiku_leaf/21
kiku_internal/90,kiku_leaf/44
kiku_internal/27,kiku_leaf/85
kiku_internal/107,kiku_internal/86
kiku_internal/86,kiku_internal/45
kiku_internal/45,kiku_leaf/3
kiku_internal/45,kiku_internal/84
kiku_internal/84,kiku_internal/49
kiku_internal/49,kiku_internal/91
kiku_internal/91,kiku_internal/23
kiku_internal/23,kiku_leaf/78
kiku_internal/23,kiku_leaf/62
kiku_internal/91,kiku_leaf/54
kiku_internal/49,kiku_leaf/75
kiku_internal/84,kiku_internal/103
kiku_internal/103,kiku_internal/46
kiku_internal/46,kiku_leaf/58
kiku_internal/46,kiku_leaf/40
kiku_internal/103,kiku_leaf/96
kiku_internal/86,kiku_internal/62
kiku_internal/62,kiku_internal/1
kiku_internal/1,kiku_internal/16
kiku_internal/16,kiku_leaf/35
kiku_internal/16,kiku_leaf/65
kiku_internal/1,kiku_leaf/41
kiku_internal/62,kiku_leaf/28
kiku_internal/109,kiku_leaf/14
kiku_internal/38,kiku_internal/101
kiku_internal/101,kiku_internal/72
kiku_internal/72,kiku_internal/60
kiku_internal/60,kiku_internal/21
kiku_internal/21,kiku_internal/87
kiku_internal/87,kiku_internal/59
kiku_internal/59,kiku_leaf/69
kiku_internal/59,kiku_leaf/50
kiku_internal/87,kiku_leaf/103
kiku_internal/21,kiku_leaf/9
kiku_internal/60,kiku_internal/93
kiku_internal/93,kiku_internal/22
kiku_internal/22,kiku_internal/79
kiku_internal/79,kiku_internal/28
kiku_internal/28,kiku_leaf/92
kiku_internal/28,kiku_leaf/67
kiku_internal/79,kiku_internal/36
kiku_internal/36,kiku_internal/35
kiku_internal/35,kiku_leaf/42
kiku_internal/35,kiku_leaf/83
kiku_internal/36,kiku_leaf/100
kiku_internal/22,kiku_internal/39
kiku_internal/39,kiku_internal/43
kiku_internal/43,kiku_internal/51
kiku_internal/51,kiku_leaf/110
kiku_internal/51,kiku_leaf/49
kiku_internal/43,kiku_leaf/43
kiku_internal/39,kiku_leaf/91
kiku_internal/93,kiku_leaf/68
kiku_internal/72,kiku_internal/99
kiku_internal/99,kiku_leaf/4
kiku_internal/99,kiku_internal/74
kiku_internal/74,kiku_leaf/80
kiku_internal/74,kiku_internal/97
kiku_internal/97,kiku_leaf/34
kiku_internal/97,kiku_leaf/70
kiku_internal/101,kiku_internal/78
kiku_internal/78,kiku_leaf/73
kiku_internal/78,kiku_internal/0
kiku_internal/0,kiku_internal/108
kiku_internal/108,kiku_internal/94
kiku_internal/94,kiku_internal/7
kiku_internal/7,kiku_leaf/7
kiku_internal/7,kiku_leaf/81
kiku_internal/94,kiku_leaf/101
kiku_internal/108,kiku_internal/104
kiku_internal/104,kiku_leaf/22
kiku_internal/104,kiku_leaf/111
kiku_internal/0,kiku_internal/8
kiku_internal/8,kiku_leaf/45
kiku_internal/8,kiku_leaf/59
kiku_internal/54,kiku_internal/69
kiku_internal/69,kiku_internal/110
kiku_internal/110,kiku_internal/29
kiku_internal/29,kiku_leaf/53
kiku_internal/29,kiku_internal/11
kiku_internal/11,kiku_leaf/64
kiku_internal/11,kiku_leaf/98
kiku_internal/110,kiku_internal/73
kiku_internal/73,kiku_internal/82
kiku_internal/82,kiku_leaf/17
kiku_internal/82,kiku_leaf/20
kiku_internal/73,kiku_leaf/52
kiku_internal/69,kiku_leaf/1
kiku_internal/76,kiku_internal/81
kiku_internal/81,kiku_leaf/112
kiku_internal/81,kiku_internal/44
kiku_internal/44,kiku_leaf/63
kiku_internal/44,kiku_leaf/16
kiku_internal/92,kiku_internal/65
kiku_internal/65,kiku_internal/5
kiku_internal/5,kiku_internal/111
kiku_internal/111,kiku_leaf/105
kiku_internal/111,kiku_leaf/84
kiku_internal/5,kiku_leaf/37
kiku_internal/65,kiku_internal/40
kiku_internal/40,kiku_leaf/26
kiku_internal/40,kiku_leaf/86
kiku_internal/102,kiku_internal/19
kiku_internal/19,kiku_internal/55
kiku_internal/55,kiku_leaf/61
kiku_internal/55,kiku_internal/67
kiku_internal/67,kiku_leaf/55
kiku_internal/67,kiku_leaf/99
kiku_internal/19,kiku_leaf/23
kiku_internal/56,kiku_internal/32
kiku_internal/32,kiku_internal/66
kiku_internal/66,kiku_internal/83
kiku_internal/83,kiku_internal/47
kiku_internal/47,kiku_internal/20
kiku_internal/20,kiku_internal/105
kiku_internal/105,kiku_leaf/13
kiku_internal/105,kiku_leaf/89
kiku_internal/20,kiku_internal/2
kiku_internal/2,kiku_internal/57
kiku_internal/57,kiku_internal/4
kiku_internal/4,kiku_leaf/19
kiku_internal/4,kiku_leaf/87
kiku_internal/57,kiku_internal/41
kiku_internal/41,kiku_leaf/38
kiku_internal/41,kiku_internal/64
kiku_internal/64,kiku_leaf/76
kiku_internal/64,kiku_leaf/32
kiku_internal/2,kiku_leaf/27
kiku_internal/47,kiku_internal/95
kiku_internal/95,kiku_internal/15
kiku_internal/15,kiku_leaf/108
kiku_internal/15,kiku_leaf/29
kiku_internal/95,kiku_leaf/93
kiku_internal/83,kiku_internal/17
kiku_internal/17,kiku_leaf/107
kiku_internal/17,kiku_leaf/0
kiku_internal/66,kiku_leaf/24
kiku_internal/32,kiku_internal/42
kiku_internal/42,kiku_leaf/2
kiku_internal/42,kiku_internal/26
kiku_internal/26,kiku_internal/24
kiku_internal/24,kiku_leaf/10
kiku_internal/24,kiku_leaf/6
kiku_internal/26,kiku_leaf/5
kiku_internal/50,kiku_internal/9
kiku_internal/9,kiku_leaf/31
kiku_internal/9,kiku_internal/48
kiku_internal/48,kiku_leaf/94
kiku_internal/48,kiku_leaf/106
