_from,_to
malia_internal/213,malia_internal/13
malia_internal/13,malia_leaf/307
malia_internal/13,malia_leaf/146
malia_internal/213,malia_internal/292
malia_internal/292,malia_internal/347
malia_internal/347,malia_internal/236
malia_internal/236,malia_leaf/361
malia_internal/236,malia_internal/65
malia_internal/65,malia_internal/452
malia_internal/452,malia_leaf/449
malia_internal/452,malia_internal/233
malia_internal/233,malia_internal/339
malia_internal/339,malia_internal/300
malia_internal/300,malia_internal/371
malia_internal/371,malia_internal/54
malia_internal/54,malia_internal/77
malia_internal/77,malia_leaf/437
malia_internal/77,malia_leaf/243
malia_internal/54,malia_leaf/139
malia_internal/371,malia_internal/116
malia_internal/116,malia_leaf/359
malia_internal/116,malia_internal/10
malia_internal/10,malia_leaf/443
malia_internal/10,malia_internal/183
malia_internal/183,malia_internal/76
malia_internal/76,malia_internal/60
malia_internal/60,malia_leaf/268
malia_internal/60,malia_leaf/232
malia_internal/76,malia_leaf/1
malia_internal/183,malia_internal/59
malia_internal/59,malia_leaf/367
malia_internal/59,malia_internal/215
malia_internal/215,malia_leaf/38
malia_internal/215,malia_leaf/11
malia_internal/300,malia_internal/282
malia_internal/282,malia_internal/75
malia_internal/75,malia_internal/385
malia_internal/385,malia_internal/179
malia_internal/179,malia_internal/373
malia_internal/373,malia_leaf/340
malia_internal/373,malia_internal/286
malia_internal/286,malia_internal/252
malia_internal/252,malia_leaf/165
malia_internal/252,malia_leaf/183
malia_internal/286,malia_internal/4
malia_internal/4,malia_leaf/192
malia_internal/4,malia_leaf/364
malia_internal/179,malia_leaf/266
malia_internal/385,malia_internal/335
malia_internal/335,malia_leaf/329
malia_internal/335,malia_leaf/85
malia_internal/75,malia_leaf/339
malia_internal/282,malia_leaf/12
malia_internal/339,malia_internal/258
malia_internal/258,malia_leaf/64
malia_internal/258,malia_internal/186
malia_internal/186,malia_leaf/381
malia_internal/186,malia_leaf/328
malia_internal/233,malia_leaf/141
malia_internal/65,malia_internal/71
malia_internal/71,malia_internal/333
malia_internal/333,malia_internal/111
malia_internal/111,malia_internal/218
malia_internal/218,malia_internal/66
malia_internal/66,malia_leaf/265
malia_internal/66,malia_leaf/16
malia_internal/218,malia_internal/301
malia_internal/301,malia_internal/240
malia_internal/240,malia_leaf/178
malia_internal/240,malia_internal/22
malia_internal/22,malia_internal/274
malia_internal/274,malia_internal/395
malia_internal/395,malia_leaf/304
malia_internal/395,malia_internal/207
malia_internal/207,malia_leaf/62
malia_internal/207,malia_internal/349
malia_internal/349,malia_leaf/10
malia_internal/349,malia_internal/135
malia_internal/135,malia_leaf/278
malia_internal/135,malia_leaf/325
malia_internal/274,malia_internal/243
malia_internal/243,malia_leaf/204
malia_internal/243,malia_leaf/432
malia_internal/22,malia_internal/289
malia_internal/289,malia_leaf/402
malia_internal/289,malia_internal/248
malia_internal/248,malia_leaf/218
malia_internal/248,malia_internal/423
malia_internal/423,malia_leaf/450
malia_internal/423,malia_internal/261
malia_internal/261,malia_internal/134
malia_internal/134,malia_leaf/26
malia_internal/134,malia_leaf/199
malia_internal/261,malia_internal/112
malia_internal/112,malia_leaf/186
malia_internal/112,malia_leaf/326
malia_internal/301,malia_internal/370
malia_internal/370,malia_leaf/130
malia_internal/370,malia_internal/330
malia_internal/330,malia_internal/192
malia_internal/192,malia_leaf/239
malia_internal/192,malia_internal/64
malia_internal/64,malia_internal/169
malia_internal/169,malia_internal/299
malia_internal/299,malia_internal/241
malia_internal/241,malia_internal/271
malia_internal/271,malia_leaf/79
malia_internal/271,malia_leaf/145
malia_internal/241,malia_internal/79
malia_internal/79,malia_leaf/24
malia_internal/79,malia_internal/125
malia_internal/125,malia_internal/62
malia_internal/62,malia_leaf/416
malia_internal/62,malia_leaf/395
malia_internal/125,malia_leaf/66
malia_internal/299,malia_internal/48
malia_internal/48,malia_internal/201
malia_internal/201,malia_leaf/387
malia_internal/201,malia_leaf/167
malia_internal/48,malia_internal/379
malia_internal/379,malia_leaf/308
malia_internal/379,malia_leaf/394
malia_internal/169,malia_leaf/346
malia_internal/64,malia_leaf/102
malia_internal/330,malia_internal/257
malia_internal/257,malia_leaf/378
malia_internal/257,malia_internal/400
malia_internal/400,malia_leaf/91
malia_internal/400,malia_leaf/337
malia_internal/111,malia_internal/173
malia_internal/173,malia_internal/217
malia_internal/217,malia_leaf/333
malia_internal/217,malia_internal/332
malia_internal/332,malia_internal/53
malia_internal/53,malia_internal/290
malia_internal/290,malia_leaf/440
malia_internal/290,malia_internal/91
malia_internal/91,malia_leaf/400
malia_internal/91,malia_leaf/267
malia_internal/53,malia_internal/238
malia_internal/238,malia_internal/247
malia_internal/247,malia_internal/188
malia_internal/188,malia_internal/224
malia_internal/224,malia_leaf/414
malia_internal/224,malia_leaf/342
malia_internal/188,malia_leaf/200
malia_internal/247,malia_leaf/113
malia_internal/238,malia_leaf/156
malia_internal/332,malia_internal/141
malia_internal/141,malia_internal/327
malia_internal/327,malia_leaf/52
malia_internal/327,malia_internal/422
malia_internal/422,malia_leaf/163
malia_internal/422,malia_internal/29
malia_internal/29,malia_internal/222
malia_internal/222,malia_leaf/67
malia_internal/222,malia_internal/230
malia_internal/230,malia_leaf/9
malia_internal/230,malia_leaf/206
malia_internal/29,malia_internal/127
malia_internal/127,malia_leaf/444
malia_internal/127,malia_leaf/37
malia_internal/141,malia_internal/176
malia_internal/176,malia_internal/447
malia_internal/447,malia_leaf/247
malia_internal/447,malia_internal/322
malia_internal/322,malia_internal/163
malia_internal/163,malia_internal/89
malia_internal/89,malia_internal/337
malia_internal/337,malia_internal/3
malia_internal/3,malia_leaf/231
malia_internal/3,malia_leaf/142
malia_internal/337,malia_internal/205
malia_internal/205,malia_internal/449
malia_internal/449,malia_internal/407
malia_internal/407,malia_leaf/69
malia_internal/407,malia_leaf/343
malia_internal/449,malia_leaf/168
malia_internal/205,malia_leaf/388
malia_internal/89,malia_leaf/189
malia_internal/163,malia_internal/70
malia_internal/70,malia_internal/363
malia_internal/363,malia_leaf/124
malia_internal/363,malia_internal/304
malia_internal/304,malia_leaf/108
malia_internal/304,malia_leaf/259
malia_internal/70,malia_internal/420
malia_internal/420,malia_internal/321
malia_internal/321,malia_internal/410
malia_internal/410,malia_leaf/150
malia_internal/410,malia_leaf/258
malia_internal/321,malia_leaf/379
malia_internal/420,malia_internal/51
malia_internal/51,malia_internal/47
malia_internal/47,malia_leaf/185
malia_internal/47,malia_internal/67
malia_internal/67,malia_leaf/252
malia_internal/67,malia_leaf/134
malia_internal/51,malia_leaf/253
malia_internal/322,malia_leaf/294
malia_internal/176,malia_internal/17
malia_internal/17,malia_leaf/3
malia_internal/17,malia_leaf/422
malia_internal/173,malia_internal/225
malia_internal/225,malia_internal/329
malia_internal/329,malia_internal/199
malia_internal/199,malia_leaf/412
malia_internal/199,malia_leaf/4
malia_internal/329,malia_leaf/374
malia_internal/225,malia_internal/270
malia_internal/270,malia_leaf/63
malia_internal/270,malia_leaf/196
malia_internal/333,malia_internal/128
malia_internal/128,malia_leaf/428
malia_internal/128,malia_internal/200
malia_internal/200,malia_internal/33
malia_internal/33,malia_leaf/212
malia_internal/33,malia_internal/344
malia_internal/344,malia_leaf/184
malia_internal/344,malia_leaf/290
malia_internal/200,malia_internal/69
malia_internal/69,malia_internal/430
malia_internal/430,malia_leaf/155
malia_internal/430,malia_internal/92
malia_internal/92,malia_leaf/287
malia_internal/92,malia_internal/437
malia_internal/437,malia_leaf/360
malia_internal/437,malia_internal/450
malia_internal/450,malia_leaf/65
malia_internal/450,malia_internal/328
malia_internal/328,malia_internal/120
malia_internal/120,malia_internal/8
malia_internal/8,malia_leaf/20
malia_internal/8,malia_internal/277
malia_internal/277,malia_leaf/447
malia_internal/277,malia_leaf/430
malia_internal/120,malia_leaf/82
malia_internal/328,malia_leaf/354
malia_internal/69,malia_internal/294
malia_internal/294,malia_internal/232
malia_internal/232,malia_internal/96
malia_internal/96,malia_internal/334
malia_internal/334,malia_internal/273
malia_internal/273,malia_internal/260
malia_internal/260,malia_internal/156
malia_internal/156,malia_leaf/455
malia_internal/156,malia_leaf/0
malia_internal/260,malia_internal/106
malia_internal/106,malia_internal/408
malia_internal/408,malia_internal/275
malia_internal/275,malia_internal/157
malia_internal/157,malia_leaf/303
malia_internal/157,malia_internal/172
malia_internal/172,malia_internal/426
malia_internal/426,malia_leaf/275
malia_internal/426,malia_internal/150
malia_internal/150,malia_leaf/352
malia_internal/150,malia_leaf/298
malia_internal/172,malia_internal/348
malia_internal/348,malia_internal/388
malia_internal/388,malia_leaf/288
malia_internal/388,malia_internal/148
malia_internal/148,malia_leaf/154
malia_internal/148,malia_leaf/59
malia_internal/348,malia_internal/234
malia_internal/234,malia_leaf/50
malia_internal/234,malia_internal/399
malia_internal/399,malia_leaf/120
malia_internal/399,malia_internal/440
malia_internal/440,malia_internal/52
malia_internal/52,malia_internal/130
malia_internal/130,malia_leaf/230
malia_internal/130,malia_internal/0
malia_internal/0,malia_leaf/362
malia_internal/0,malia_internal/419
malia_internal/419,malia_leaf/351
malia_internal/419,malia_internal/100
malia_internal/100,malia_leaf/88
malia_internal/100,malia_leaf/417
malia_internal/52,malia_internal/249
malia_internal/249,malia_leaf/77
malia_internal/249,malia_internal/87
malia_internal/87,malia_internal/291
malia_internal/291,malia_internal/94
malia_internal/94,malia_leaf/319
malia_internal/94,malia_internal/391
malia_internal/391,malia_leaf/214
malia_internal/391,malia_leaf/421
malia_internal/291,malia_leaf/219
malia_internal/87,malia_internal/374
malia_internal/374,malia_leaf/310
malia_internal/374,malia_internal/219
malia_internal/219,malia_leaf/322
malia_internal/219,malia_internal/312
malia_internal/312,malia_internal/256
malia_internal/256,malia_leaf/119
malia_internal/256,malia_leaf/236
malia_internal/312,malia_internal/153
malia_internal/153,malia_leaf/282
malia_internal/153,malia_leaf/229
malia_internal/440,malia_internal/220
malia_internal/220,malia_leaf/280
malia_internal/220,malia_internal/235
malia_internal/235,malia_leaf/28
malia_internal/235,malia_leaf/39
malia_internal/275,malia_leaf/137
malia_internal/408,malia_leaf/92
malia_internal/106,malia_leaf/233
malia_internal/273,malia_internal/107
malia_internal/107,malia_leaf/33
malia_internal/107,malia_leaf/111
malia_internal/334,malia_leaf/277
malia_internal/96,malia_internal/403
malia_internal/403,malia_internal/214
malia_internal/214,malia_leaf/237
malia_internal/214,malia_leaf/143
malia_internal/403,malia_internal/323
malia_internal/323,malia_leaf/188
malia_internal/323,malia_internal/30
malia_internal/30,malia_leaf/60
malia_internal/30,malia_internal/223
malia_internal/223,malia_internal/21
malia_internal/21,malia_leaf/117
malia_internal/21,malia_leaf/384
malia_internal/223,malia_leaf/291
malia_internal/232,malia_leaf/151
malia_internal/294,malia_leaf/53
malia_internal/71,malia_internal/166
malia_internal/166,malia_internal/411
malia_internal/411,malia_internal/82
malia_internal/82,malia_internal/11
malia_internal/11,malia_internal/453
malia_internal/453,malia_leaf/377
malia_internal/453,malia_leaf/171
malia_internal/11,malia_internal/68
malia_internal/68,malia_leaf/297
malia_internal/68,malia_internal/124
malia_internal/124,malia_leaf/131
malia_internal/124,malia_internal/269
malia_internal/269,malia_leaf/439
malia_internal/269,malia_leaf/107
malia_internal/82,malia_internal/152
malia_internal/152,malia_leaf/347
malia_internal/152,malia_internal/131
malia_internal/131,malia_leaf/149
malia_internal/131,malia_leaf/109
malia_internal/411,malia_internal/73
malia_internal/73,malia_internal/38
malia_internal/38,malia_internal/338
malia_internal/338,malia_internal/279
malia_internal/279,malia_internal/264
malia_internal/264,malia_internal/221
malia_internal/221,malia_internal/432
malia_internal/432,malia_internal/296
malia_internal/296,malia_internal/203
malia_internal/203,malia_internal/418
malia_internal/418,malia_leaf/191
malia_internal/418,malia_leaf/246
malia_internal/203,malia_internal/451
malia_internal/451,malia_internal/97
malia_internal/97,malia_internal/429
malia_internal/429,malia_leaf/96
malia_internal/429,malia_leaf/187
malia_internal/97,malia_internal/354
malia_internal/354,malia_leaf/213
malia_internal/354,malia_leaf/411
malia_internal/451,malia_internal/72
malia_internal/72,malia_internal/133
malia_internal/133,malia_leaf/215
malia_internal/133,malia_internal/251
malia_internal/251,malia_leaf/7
malia_internal/251,malia_leaf/260
malia_internal/72,malia_internal/122
malia_internal/122,malia_leaf/193
malia_internal/122,malia_internal/139
malia_internal/139,malia_leaf/121
malia_internal/139,malia_leaf/61
malia_internal/296,malia_internal/345
malia_internal/345,malia_internal/268
malia_internal/268,malia_leaf/148
malia_internal/268,malia_internal/331
malia_internal/331,malia_leaf/68
malia_internal/331,malia_leaf/123
malia_internal/345,malia_internal/117
malia_internal/117,malia_internal/287
malia_internal/287,malia_internal/401
malia_internal/401,malia_internal/255
malia_internal/255,malia_leaf/399
malia_internal/255,malia_leaf/284
malia_internal/401,malia_internal/441
malia_internal/441,malia_leaf/90
malia_internal/441,malia_leaf/409
malia_internal/287,malia_internal/158
malia_internal/158,malia_leaf/292
malia_internal/158,malia_internal/265
malia_internal/265,malia_leaf/279
malia_internal/265,malia_internal/145
malia_internal/145,malia_internal/31
malia_internal/31,malia_leaf/8
malia_internal/31,malia_internal/421
malia_internal/421,malia_leaf/348
malia_internal/421,malia_leaf/305
malia_internal/145,malia_internal/435
malia_internal/435,malia_internal/364
malia_internal/364,malia_leaf/276
malia_internal/364,malia_leaf/209
malia_internal/435,malia_internal/155
malia_internal/155,malia_internal/121
malia_internal/121,malia_leaf/426
malia_internal/121,malia_leaf/94
malia_internal/155,malia_internal/280
malia_internal/280,malia_internal/80
malia_internal/80,malia_internal/428
malia_internal/428,malia_internal/27
malia_internal/27,malia_leaf/166
malia_internal/27,malia_leaf/263
malia_internal/428,malia_leaf/397
malia_internal/80,malia_internal/414
malia_internal/414,malia_internal/276
malia_internal/276,malia_leaf/393
malia_internal/276,malia_internal/161
malia_internal/161,malia_leaf/36
malia_internal/161,malia_leaf/274
malia_internal/414,malia_internal/165
malia_internal/165,malia_leaf/205
malia_internal/165,malia_leaf/371
malia_internal/280,malia_internal/293
malia_internal/293,malia_leaf/5
malia_internal/293,malia_internal/58
malia_internal/58,malia_internal/242
malia_internal/242,malia_leaf/330
malia_internal/242,malia_leaf/300
malia_internal/58,malia_internal/164
malia_internal/164,malia_leaf/365
malia_internal/164,malia_leaf/201
malia_internal/117,malia_internal/2
malia_internal/2,malia_leaf/222
malia_internal/2,malia_leaf/144
malia_internal/432,malia_internal/319
malia_internal/319,malia_internal/170
malia_internal/170,malia_leaf/2
malia_internal/170,malia_internal/118
malia_internal/118,malia_internal/40
malia_internal/40,malia_leaf/257
malia_internal/40,malia_internal/394
malia_internal/394,malia_internal/63
malia_internal/63,malia_leaf/129
malia_internal/63,malia_leaf/160
malia_internal/394,malia_internal/81
malia_internal/81,malia_internal/360
malia_internal/360,malia_leaf/57
malia_internal/360,malia_internal/405
malia_internal/405,malia_leaf/195
malia_internal/405,malia_leaf/316
malia_internal/81,malia_internal/369
malia_internal/369,malia_leaf/46
malia_internal/369,malia_internal/376
malia_internal/376,malia_leaf/161
malia_internal/376,malia_internal/378
malia_internal/378,malia_leaf/391
malia_internal/378,malia_internal/143
malia_internal/143,malia_internal/425
malia_internal/425,malia_leaf/408
malia_internal/425,malia_leaf/320
malia_internal/143,malia_leaf/406
malia_internal/118,malia_internal/114
malia_internal/114,malia_leaf/162
malia_internal/114,malia_leaf/451
malia_internal/319,malia_internal/340
malia_internal/340,malia_internal/36
malia_internal/36,malia_internal/390
malia_internal/390,malia_internal/5
malia_internal/5,malia_leaf/86
malia_internal/5,malia_leaf/194
malia_internal/390,malia_internal/74
malia_internal/74,malia_internal/228
malia_internal/228,malia_internal/12
malia_internal/12,malia_internal/115
malia_internal/115,malia_leaf/29
malia_internal/115,malia_internal/245
malia_internal/245,malia_internal/417
malia_internal/417,malia_leaf/103
malia_internal/417,malia_leaf/323
malia_internal/245,malia_internal/239
malia_internal/239,malia_leaf/80
malia_internal/239,malia_internal/93
malia_internal/93,malia_internal/49
malia_internal/49,malia_leaf/115
malia_internal/49,malia_internal/433
malia_internal/433,malia_leaf/118
malia_internal/433,malia_internal/346
malia_internal/346,malia_leaf/81
malia_internal/346,malia_leaf/127
malia_internal/93,malia_internal/99
malia_internal/99,malia_leaf/114
malia_internal/99,malia_leaf/248
malia_internal/12,malia_leaf/179
malia_internal/228,malia_leaf/312
malia_internal/74,malia_internal/359
malia_internal/359,malia_leaf/170
malia_internal/359,malia_leaf/335
malia_internal/36,malia_leaf/70
malia_internal/340,malia_internal/119
malia_internal/119,malia_internal/404
malia_internal/404,malia_internal/341
malia_internal/341,malia_leaf/366
malia_internal/341,malia_internal/424
malia_internal/424,malia_internal/46
malia_internal/46,malia_leaf/254
malia_internal/46,malia_leaf/255
malia_internal/424,malia_leaf/56
malia_internal/404,malia_internal/55
malia_internal/55,malia_internal/7
malia_internal/7,malia_internal/316
malia_internal/316,malia_leaf/419
malia_internal/316,malia_leaf/6
malia_internal/7,malia_leaf/269
malia_internal/55,malia_internal/380
malia_internal/380,malia_leaf/42
malia_internal/380,malia_internal/86
malia_internal/86,malia_leaf/249
malia_internal/86,malia_internal/184
malia_internal/184,malia_leaf/313
malia_internal/184,malia_leaf/136
malia_internal/119,malia_leaf/372
malia_internal/221,malia_leaf/22
malia_internal/264,malia_leaf/152
malia_internal/279,malia_leaf/332
malia_internal/338,malia_internal/144
malia_internal/144,malia_internal/250
malia_internal/250,malia_internal/415
malia_internal/415,malia_leaf/289
malia_internal/415,malia_internal/140
malia_internal/140,malia_internal/216
malia_internal/216,malia_internal/431
malia_internal/431,malia_internal/446
malia_internal/446,malia_leaf/293
malia_internal/446,malia_leaf/128
malia_internal/431,malia_leaf/445
malia_internal/216,malia_internal/350
malia_internal/350,malia_internal/367
malia_internal/367,malia_internal/356
malia_internal/356,malia_leaf/73
malia_internal/356,malia_internal/352
malia_internal/352,malia_internal/306
malia_internal/306,malia_leaf/177
malia_internal/306,malia_internal/26
malia_internal/26,malia_leaf/242
malia_internal/26,malia_internal/175
malia_internal/175,malia_leaf/261
malia_internal/175,malia_leaf/309
malia_internal/352,malia_leaf/140
malia_internal/367,malia_leaf/403
malia_internal/350,malia_leaf/405
malia_internal/140,malia_leaf/424
malia_internal/250,malia_internal/24
malia_internal/24,malia_leaf/74
malia_internal/24,malia_leaf/211
malia_internal/144,malia_internal/315
malia_internal/315,malia_internal/167
malia_internal/167,malia_internal/366
malia_internal/366,malia_leaf/250
malia_internal/366,malia_internal/231
malia_internal/231,malia_leaf/153
malia_internal/231,malia_leaf/223
malia_internal/167,malia_internal/445
malia_internal/445,malia_internal/9
malia_internal/9,malia_internal/185
malia_internal/185,malia_internal/95
malia_internal/95,malia_internal/23
malia_internal/23,malia_leaf/407
malia_internal/23,malia_leaf/363
malia_internal/95,malia_internal/211
malia_internal/211,malia_leaf/385
malia_internal/211,malia_internal/88
malia_internal/88,malia_leaf/299
malia_internal/88,malia_leaf/25
malia_internal/185,malia_internal/154
malia_internal/154,malia_internal/90
malia_internal/90,malia_internal/372
malia_internal/372,malia_internal/196
malia_internal/196,malia_internal/262
malia_internal/262,malia_leaf/295
malia_internal/262,malia_leaf/355
malia_internal/196,malia_internal/444
malia_internal/444,malia_internal/193
malia_internal/193,malia_leaf/398
malia_internal/193,malia_internal/343
malia_internal/343,malia_leaf/306
malia_internal/343,malia_internal/204
malia_internal/204,malia_leaf/392
malia_internal/204,malia_leaf/217
malia_internal/444,malia_internal/104
malia_internal/104,malia_internal/20
malia_internal/20,malia_internal/168
malia_internal/168,malia_leaf/373
malia_internal/168,malia_internal/15
malia_internal/15,malia_internal/101
malia_internal/101,malia_leaf/116
malia_internal/101,malia_internal/229
malia_internal/229,malia_internal/110
malia_internal/110,malia_leaf/147
malia_internal/110,malia_leaf/353
malia_internal/229,malia_leaf/173
malia_internal/15,malia_internal/149
malia_internal/149,malia_leaf/21
malia_internal/149,malia_leaf/327
malia_internal/20,malia_leaf/198
malia_internal/104,malia_leaf/197
malia_internal/372,malia_internal/28
malia_internal/28,malia_leaf/376
malia_internal/28,malia_leaf/256
malia_internal/90,malia_internal/189
malia_internal/189,malia_leaf/245
malia_internal/189,malia_internal/18
malia_internal/18,malia_leaf/169
malia_internal/18,malia_leaf/203
malia_internal/154,malia_internal/283
malia_internal/283,malia_leaf/87
malia_internal/283,malia_leaf/40
malia_internal/9,malia_internal/409
malia_internal/409,malia_leaf/76
malia_internal/409,malia_leaf/429
malia_internal/445,malia_internal/297
malia_internal/297,malia_internal/427
malia_internal/427,malia_internal/174
malia_internal/174,malia_leaf/202
malia_internal/174,malia_internal/197
malia_internal/197,malia_internal/342
malia_internal/342,malia_internal/84
malia_internal/84,malia_leaf/315
malia_internal/84,malia_leaf/264
malia_internal/342,malia_leaf/41
malia_internal/197,malia_internal/325
malia_internal/325,malia_internal/98
malia_internal/98,malia_leaf/164
malia_internal/98,malia_leaf/32
malia_internal/325,malia_leaf/126
malia_internal/427,malia_internal/259
malia_internal/259,malia_internal/202
malia_internal/202,malia_internal/42
malia_internal/42,malia_internal/14
malia_internal/14,malia_internal/406
malia_internal/406,malia_leaf/110
malia_internal/406,malia_internal/212
malia_internal/212,malia_leaf/370
malia_internal/212,malia_leaf/97
malia_internal/14,malia_internal/137
malia_internal/137,malia_leaf/324
malia_internal/137,malia_internal/102
malia_internal/102,malia_leaf/31
malia_internal/102,malia_internal/365
malia_internal/365,malia_leaf/30
malia_internal/365,malia_internal/311
malia_internal/311,malia_internal/386
malia_internal/386,malia_leaf/383
malia_internal/386,malia_leaf/401
malia_internal/311,malia_internal/32
malia_internal/32,malia_internal/237
malia_internal/237,malia_leaf/48
malia_internal/237,malia_internal/187
malia_internal/187,malia_leaf/262
malia_internal/187,malia_leaf/190
malia_internal/32,malia_internal/182
malia_internal/182,malia_leaf/375
malia_internal/182,malia_leaf/415
malia_internal/42,malia_internal/320
malia_internal/320,malia_internal/41
malia_internal/41,malia_leaf/356
malia_internal/41,malia_leaf/35
malia_internal/320,malia_internal/377
malia_internal/377,malia_internal/438
malia_internal/438,malia_internal/25
malia_internal/25,malia_leaf/345
malia_internal/25,malia_internal/448
malia_internal/448,malia_leaf/410
malia_internal/448,malia_leaf/122
malia_internal/438,malia_internal/253
malia_internal/253,malia_leaf/100
malia_internal/253,malia_leaf/270
malia_internal/377,malia_internal/159
malia_internal/159,malia_leaf/349
malia_internal/159,malia_leaf/133
malia_internal/202,malia_leaf/368
malia_internal/259,malia_internal/146
malia_internal/146,malia_internal/318
malia_internal/318,malia_internal/142
malia_internal/142,malia_leaf/18
malia_internal/142,malia_leaf/216
malia_internal/318,malia_leaf/17
malia_internal/146,malia_leaf/47
malia_internal/297,malia_leaf/441
malia_internal/315,malia_internal/151
malia_internal/151,malia_internal/384
malia_internal/384,malia_internal/393
malia_internal/393,malia_leaf/23
malia_internal/393,malia_internal/37
malia_internal/37,malia_internal/35
malia_internal/35,malia_leaf/13
malia_internal/35,malia_internal/267
malia_internal/267,malia_leaf/182
malia_internal/267,malia_internal/19
malia_internal/19,malia_leaf/220
malia_internal/19,malia_internal/108
malia_internal/108,malia_internal/6
malia_internal/6,malia_leaf/180
malia_internal/6,malia_leaf/286
malia_internal/108,malia_leaf/45
malia_internal/37,malia_leaf/208
malia_internal/384,malia_leaf/434
malia_internal/151,malia_internal/50
malia_internal/50,malia_internal/308
malia_internal/308,malia_internal/123
malia_internal/123,malia_leaf/357
malia_internal/123,malia_internal/244
malia_internal/244,malia_internal/392
malia_internal/392,malia_internal/246
malia_internal/246,malia_leaf/317
malia_internal/246,malia_leaf/95
malia_internal/392,malia_internal/113
malia_internal/113,malia_internal/254
malia_internal/254,malia_internal/402
malia_internal/402,malia_leaf/43
malia_internal/402,malia_internal/138
malia_internal/138,malia_leaf/225
malia_internal/138,malia_leaf/314
malia_internal/254,malia_internal/181
malia_internal/181,malia_leaf/350
malia_internal/181,malia_internal/324
malia_internal/324,malia_leaf/454
malia_internal/324,malia_leaf/442
malia_internal/113,malia_internal/105
malia_internal/105,malia_leaf/453
malia_internal/105,malia_internal/103
malia_internal/103,malia_leaf/389
malia_internal/103,malia_leaf/318
malia_internal/244,malia_internal/302
malia_internal/302,malia_leaf/55
malia_internal/302,malia_leaf/435
malia_internal/308,malia_internal/298
malia_internal/298,malia_leaf/157
malia_internal/298,malia_leaf/423
malia_internal/50,malia_internal/313
malia_internal/313,malia_leaf/207
malia_internal/313,malia_leaf/331
malia_internal/38,malia_internal/177
malia_internal/177,malia_internal/288
malia_internal/288,malia_leaf/226
malia_internal/288,malia_internal/281
malia_internal/281,malia_internal/56
malia_internal/56,malia_leaf/158
malia_internal/56,malia_internal/357
malia_internal/357,malia_leaf/396
malia_internal/357,malia_leaf/34
malia_internal/281,malia_internal/227
malia_internal/227,malia_leaf/241
malia_internal/227,malia_leaf/19
malia_internal/177,malia_internal/57
malia_internal/57,malia_internal/397
malia_internal/397,malia_leaf/125
malia_internal/397,malia_leaf/176
malia_internal/57,malia_internal/310
malia_internal/310,malia_internal/436
malia_internal/436,malia_internal/194
malia_internal/194,malia_leaf/244
malia_internal/194,malia_internal/442
malia_internal/442,malia_leaf/101
malia_internal/442,malia_leaf/132
malia_internal/436,malia_internal/413
malia_internal/413,malia_leaf/273
malia_internal/413,malia_internal/272
malia_internal/272,malia_internal/39
malia_internal/39,malia_leaf/296
malia_internal/39,malia_leaf/336
malia_internal/272,malia_leaf/344
malia_internal/310,malia_internal/434
malia_internal/434,malia_internal/336
malia_internal/336,malia_leaf/27
malia_internal/336,malia_internal/317
malia_internal/317,malia_leaf/452
malia_internal/317,malia_leaf/181
malia_internal/434,malia_internal/454
malia_internal/454,malia_internal/78
malia_internal/78,malia_internal/44
malia_internal/44,malia_internal/303
malia_internal/303,malia_leaf/93
malia_internal/303,malia_internal/136
malia_internal/136,malia_leaf/228
malia_internal/136,malia_internal/162
malia_internal/162,malia_leaf/369
malia_internal/162,malia_leaf/159
malia_internal/44,malia_internal/109
malia_internal/109,malia_leaf/58
malia_internal/109,malia_leaf/433
malia_internal/78,malia_internal/208
malia_internal/208,malia_internal/375
malia_internal/375,malia_leaf/311
malia_internal/375,malia_leaf/75
malia_internal/208,malia_internal/307
malia_internal/307,malia_leaf/51
malia_internal/307,malia_internal/351
malia_internal/351,malia_leaf/72
malia_internal/351,malia_leaf/420
malia_internal/454,malia_internal/398
malia_internal/398,malia_leaf/321
malia_internal/398,malia_internal/178
malia_internal/178,malia_leaf/172
malia_internal/178,malia_leaf/301
malia_internal/73,malia_internal/295
malia_internal/295,malia_internal/83
malia_internal/83,malia_internal/147
malia_internal/147,malia_internal/381
malia_internal/381,malia_internal/263
malia_internal/263,malia_leaf/104
malia_internal/263,malia_internal/382
malia_internal/382,malia_internal/209
malia_internal/209,malia_internal/278
malia_internal/278,malia_leaf/281
malia_internal/278,malia_internal/16
malia_internal/16,malia_internal/305
malia_internal/305,malia_internal/43
malia_internal/43,malia_leaf/341
malia_internal/43,malia_leaf/302
malia_internal/305,malia_internal/180
malia_internal/180,malia_leaf/431
malia_internal/180,malia_leaf/380
malia_internal/16,malia_internal/132
malia_internal/132,malia_internal/191
malia_internal/191,malia_leaf/106
malia_internal/191,malia_leaf/84
malia_internal/132,malia_internal/353
malia_internal/353,malia_internal/284
malia_internal/284,malia_internal/443
malia_internal/443,malia_leaf/89
malia_internal/443,malia_internal/355
malia_internal/355,malia_leaf/446
malia_internal/355,malia_leaf/334
malia_internal/284,malia_internal/412
malia_internal/412,malia_leaf/438
malia_internal/412,malia_leaf/338
malia_internal/353,malia_internal/1
malia_internal/1,malia_leaf/436
malia_internal/1,malia_leaf/427
malia_internal/209,malia_internal/206
malia_internal/206,malia_leaf/448
malia_internal/206,malia_leaf/251
malia_internal/382,malia_internal/314
malia_internal/314,malia_leaf/285
malia_internal/314,malia_internal/361
malia_internal/361,malia_leaf/174
malia_internal/361,malia_internal/396
malia_internal/396,malia_leaf/418
malia_internal/396,malia_internal/226
malia_internal/226,malia_internal/129
malia_internal/129,malia_leaf/221
malia_internal/129,malia_leaf/224
malia_internal/226,malia_internal/61
malia_internal/61,malia_leaf/98
malia_internal/61,malia_leaf/425
malia_internal/381,malia_internal/362
malia_internal/362,malia_leaf/44
malia_internal/362,malia_internal/439
malia_internal/439,malia_internal/309
malia_internal/309,malia_leaf/83
malia_internal/309,malia_leaf/49
malia_internal/439,malia_internal/195
malia_internal/195,malia_leaf/138
malia_internal/195,malia_leaf/413
malia_internal/147,malia_internal/45
malia_internal/45,malia_internal/190
malia_internal/190,malia_leaf/404
malia_internal/190,malia_leaf/386
malia_internal/45,malia_internal/171
malia_internal/171,malia_internal/387
malia_internal/387,malia_leaf/235
malia_internal/387,malia_leaf/105
malia_internal/171,malia_internal/285
malia_internal/285,malia_leaf/71
malia_internal/285,malia_internal/160
malia_internal/160,malia_internal/266
malia_internal/266,malia_internal/368
malia_internal/368,malia_leaf/210
malia_internal/368,malia_leaf/78
malia_internal/266,malia_leaf/54
malia_internal/160,malia_internal/326
malia_internal/326,malia_leaf/240
malia_internal/326,malia_leaf/99
malia_internal/83,malia_internal/383
malia_internal/383,malia_leaf/14
malia_internal/383,malia_internal/126
malia_internal/126,malia_leaf/271
malia_internal/126,malia_leaf/358
malia_internal/295,malia_internal/389
malia_internal/389,malia_internal/85
malia_internal/85,malia_leaf/135
malia_internal/85,malia_leaf/390
malia_internal/389,malia_internal/34
malia_internal/34,malia_leaf/382
malia_internal/34,malia_leaf/112
malia_internal/166,malia_internal/198
malia_internal/198,malia_internal/210
malia_internal/210,malia_leaf/234
malia_internal/210,malia_leaf/272
malia_internal/198,malia_internal/358
malia_internal/358,malia_leaf/238
malia_internal/358,malia_internal/416
malia_internal/416,malia_leaf/15
malia_internal/416,malia_leaf/227
malia_internal/347,malia_leaf/175
malia_internal/292,malia_leaf/283
