_from,_to
pyron_internal/364,pyron_internal/34
pyron_internal/34,pyron_internal/405
pyron_internal/405,pyron_leaf/311
pyron_internal/405,pyron_internal/126
pyron_internal/126,pyron_leaf/246
pyron_internal/126,pyron_leaf/70
pyron_internal/34,pyron_internal/217
pyron_internal/217,pyron_internal/186
pyron_internal/186,pyron_leaf/371
pyron_internal/186,pyron_leaf/55
pyron_internal/217,pyron_internal/406
pyron_internal/406,pyron_internal/164
pyron_internal/164,pyron_leaf/302
pyron_internal/164,pyron_leaf/16
pyron_internal/406,pyron_internal/329
pyron_internal/329,pyron_internal/235
pyron_internal/235,pyron_internal/201
pyron_internal/201,pyron_leaf/76
pyron_internal/201,pyron_internal/22
pyron_internal/22,pyron_leaf/436
pyron_internal/22,pyron_internal/38
pyron_internal/38,pyron_leaf/346
pyron_internal/38,pyron_leaf/179
pyron_internal/235,pyron_internal/188
pyron_internal/188,pyron_internal/28
pyron_internal/28,pyron_leaf/442
pyron_internal/28,pyron_internal/71
pyron_internal/71,pyron_internal/370
pyron_internal/370,pyron_leaf/299
pyron_internal/370,pyron_leaf/289
pyron_internal/71,pyron_internal/7
pyron_internal/7,pyron_leaf/239
pyron_internal/7,pyron_leaf/43
pyron_internal/188,pyron_internal/276
pyron_internal/276,pyron_internal/155
pyron_internal/155,pyron_leaf/450
pyron_internal/155,pyron_leaf/202
pyron_internal/276,pyron_internal/463
pyron_internal/463,pyron_internal/360
pyron_internal/360,pyron_leaf/310
pyron_internal/360,pyron_leaf/177
pyron_internal/463,pyron_internal/384
pyron_internal/384,pyron_leaf/61
pyron_internal/384,pyron_leaf/400
pyron_internal/329,pyron_internal/444
pyron_internal/444,pyron_leaf/318
pyron_internal/444,pyron_internal/181
pyron_internal/181,pyron_internal/248
pyron_internal/248,pyron_internal/312
pyron_internal/312,pyron_leaf/41
pyron_internal/312,pyron_leaf/108
pyron_internal/248,pyron_internal/399
pyron_internal/399,pyron_leaf/409
pyron_internal/399,pyron_internal/66
pyron_internal/66,pyron_leaf/124
pyron_internal/66,pyron_internal/372
pyron_internal/372,pyron_leaf/407
pyron_internal/372,pyron_internal/460
pyron_internal/460,pyron_leaf/150
pyron_internal/460,pyron_leaf/229
pyron_internal/181,pyron_internal/48
pyron_internal/48,pyron_internal/288
pyron_internal/288,pyron_internal/16
pyron_internal/16,pyron_leaf/237
pyron_internal/16,pyron_leaf/34
pyron_internal/288,pyron_internal/256
pyron_internal/256,pyron_leaf/157
pyron_internal/256,pyron_internal/98
pyron_internal/98,pyron_leaf/81
pyron_internal/98,pyron_internal/103
pyron_internal/103,pyron_leaf/74
pyron_internal/103,pyron_leaf/36
pyron_internal/48,pyron_internal/388
pyron_internal/388,pyron_leaf/105
pyron_internal/388,pyron_internal/50
pyron_internal/50,pyron_leaf/253
pyron_internal/50,pyron_internal/389
pyron_internal/389,pyron_internal/187
pyron_internal/187,pyron_internal/198
pyron_internal/198,pyron_leaf/366
pyron_internal/198,pyron_leaf/207
pyron_internal/187,pyron_internal/334
pyron_internal/334,pyron_leaf/88
pyron_internal/334,pyron_internal/78
pyron_internal/78,pyron_leaf/295
pyron_internal/78,pyron_internal/19
pyron_internal/19,pyron_leaf/204
pyron_internal/19,pyron_leaf/194
pyron_internal/389,pyron_internal/369
pyron_internal/369,pyron_internal/135
pyron_internal/135,pyron_leaf/324
pyron_internal/135,pyron_internal/122
pyron_internal/122,pyron_leaf/381
pyron_internal/122,pyron_leaf/300
pyron_internal/369,pyron_internal/453
pyron_internal/453,pyron_internal/85
pyron_internal/85,pyron_leaf/69
pyron_internal/85,pyron_leaf/21
pyron_internal/453,pyron_internal/206
pyron_internal/206,pyron_leaf/364
pyron_internal/206,pyron_leaf/146
pyron_internal/364,pyron_internal/324
pyron_internal/324,pyron_internal/41
pyron_internal/41,pyron_internal/423
pyron_internal/423,pyron_leaf/439
pyron_internal/423,pyron_leaf/365
pyron_internal/41,pyron_internal/194
pyron_internal/194,pyron_leaf/33
pyron_internal/194,pyron_leaf/363
pyron_internal/324,pyron_internal/142
pyron_internal/142,pyron_internal/331
pyron_internal/331,pyron_internal/110
pyron_internal/110,pyron_internal/253
pyron_internal/253,pyron_leaf/420
pyron_internal/253,pyron_internal/281
pyron_internal/281,pyron_leaf/455
pyron_internal/281,pyron_internal/80
pyron_internal/80,pyron_leaf/403
pyron_internal/80,pyron_leaf/102
pyron_internal/110,pyron_internal/99
pyron_internal/99,pyron_leaf/149
pyron_internal/99,pyron_internal/2
pyron_internal/2,pyron_leaf/181
pyron_internal/2,pyron_internal/221
pyron_internal/221,pyron_leaf/375
pyron_internal/221,pyron_internal/243
pyron_internal/243,pyron_leaf/297
pyron_internal/243,pyron_internal/456
pyron_internal/456,pyron_internal/44
pyron_internal/44,pyron_internal/335
pyron_internal/335,pyron_leaf/389
pyron_internal/335,pyron_internal/106
pyron_internal/106,pyron_leaf/264
pyron_internal/106,pyron_leaf/11
pyron_internal/44,pyron_internal/101
pyron_internal/101,pyron_leaf/261
pyron_internal/101,pyron_internal/414
pyron_internal/414,pyron_leaf/329
pyron_internal/414,pyron_leaf/463
pyron_internal/456,pyron_internal/342
pyron_internal/342,pyron_leaf/26
pyron_internal/342,pyron_internal/313
pyron_internal/313,pyron_leaf/361
pyron_internal/313,pyron_internal/51
pyron_internal/51,pyron_leaf/280
pyron_internal/51,pyron_internal/371
pyron_internal/371,pyron_leaf/250
pyron_internal/371,pyron_internal/270
pyron_internal/270,pyron_leaf/25
pyron_internal/270,pyron_internal/275
pyron_internal/275,pyron_leaf/49
pyron_internal/275,pyron_leaf/133
pyron_internal/331,pyron_internal/140
pyron_internal/140,pyron_internal/282
pyron_internal/282,pyron_leaf/148
pyron_internal/282,pyron_leaf/419
pyron_internal/140,pyron_internal/362
pyron_internal/362,pyron_internal/5
pyron_internal/5,pyron_internal/297
pyron_internal/297,pyron_leaf/247
pyron_internal/297,pyron_leaf/127
pyron_internal/5,pyron_internal/407
pyron_internal/407,pyron_internal/387
pyron_internal/387,pyron_internal/459
pyron_internal/459,pyron_leaf/334
pyron_internal/459,pyron_internal/178
pyron_internal/178,pyron_leaf/387
pyron_internal/178,pyron_leaf/120
pyron_internal/387,pyron_internal/112
pyron_internal/112,pyron_leaf/262
pyron_internal/112,pyron_internal/33
pyron_internal/33,pyron_leaf/306
pyron_internal/33,pyron_leaf/377
pyron_internal/407,pyron_internal/55
pyron_internal/55,pyron_internal/427
pyron_internal/427,pyron_leaf/137
pyron_internal/427,pyron_leaf/191
pyron_internal/55,pyron_internal/446
pyron_internal/446,pyron_leaf/410
pyron_internal/446,pyron_internal/462
pyron_internal/462,pyron_leaf/416
pyron_internal/462,pyron_internal/284
pyron_internal/284,pyron_leaf/222
pyron_internal/284,pyron_internal/293
pyron_internal/293,pyron_leaf/197
pyron_internal/293,pyron_leaf/145
pyron_internal/362,pyron_internal/437
pyron_internal/437,pyron_internal/286
pyron_internal/286,pyron_internal/390
pyron_internal/390,pyron_leaf/66
pyron_internal/390,pyron_internal/310
pyron_internal/310,pyron_leaf/251
pyron_internal/310,pyron_leaf/258
pyron_internal/286,pyron_internal/3
pyron_internal/3,pyron_internal/262
pyron_internal/262,pyron_leaf/65
pyron_internal/262,pyron_leaf/402
pyron_internal/3,pyron_internal/45
pyron_internal/45,pyron_leaf/406
pyron_internal/45,pyron_internal/434
pyron_internal/434,pyron_leaf/330
pyron_internal/434,pyron_internal/39
pyron_internal/39,pyron_leaf/372
pyron_internal/39,pyron_internal/174
pyron_internal/174,pyron_leaf/136
pyron_internal/174,pyron_internal/316
pyron_internal/316,pyron_leaf/243
pyron_internal/316,pyron_leaf/312
pyron_internal/437,pyron_internal/162
pyron_internal/162,pyron_internal/395
pyron_internal/395,pyron_internal/218
pyron_internal/218,pyron_leaf/39
pyron_internal/218,pyron_internal/330
pyron_internal/330,pyron_leaf/423
pyron_internal/330,pyron_leaf/286
pyron_internal/395,pyron_internal/231
pyron_internal/231,pyron_leaf/159
pyron_internal/231,pyron_internal/147
pyron_internal/147,pyron_leaf/32
pyron_internal/147,pyron_leaf/339
pyron_internal/162,pyron_internal/451
pyron_internal/451,pyron_internal/168
pyron_internal/168,pyron_leaf/104
pyron_internal/168,pyron_internal/443
pyron_internal/443,pyron_internal/298
pyron_internal/298,pyron_internal/9
pyron_internal/9,pyron_leaf/96
pyron_internal/9,pyron_leaf/332
pyron_internal/298,pyron_internal/267
pyron_internal/267,pyron_leaf/185
pyron_internal/267,pyron_internal/225
pyron_internal/225,pyron_leaf/99
pyron_internal/225,pyron_leaf/7
pyron_internal/443,pyron_internal/211
pyron_internal/211,pyron_internal/361
pyron_internal/361,pyron_leaf/118
pyron_internal/361,pyron_leaf/126
pyron_internal/211,pyron_internal/95
pyron_internal/95,pyron_internal/72
pyron_internal/72,pyron_leaf/453
pyron_internal/72,pyron_internal/321
pyron_internal/321,pyron_leaf/100
pyron_internal/321,pyron_leaf/462
pyron_internal/95,pyron_internal/351
pyron_internal/351,pyron_leaf/174
pyron_internal/351,pyron_internal/295
pyron_internal/295,pyron_leaf/446
pyron_internal/295,pyron_internal/228
pyron_internal/228,pyron_leaf/218
pyron_internal/228,pyron_internal/161
pyron_internal/161,pyron_leaf/319
pyron_internal/161,pyron_leaf/168
pyron_internal/451,pyron_internal/27
pyron_internal/27,pyron_internal/160
pyron_internal/160,pyron_leaf/220
pyron_internal/160,pyron_leaf/201
pyron_internal/27,pyron_internal/76
pyron_internal/76,pyron_internal/20
pyron_internal/20,pyron_leaf/393
pyron_internal/20,pyron_internal/260
pyron_internal/260,pyron_leaf/294
pyron_internal/260,pyron_internal/229
pyron_internal/229,pyron_leaf/97
pyron_internal/229,pyron_internal/309
pyron_internal/309,pyron_leaf/233
pyron_internal/309,pyron_leaf/114
pyron_internal/76,pyron_internal/326
pyron_internal/326,pyron_internal/454
pyron_internal/454,pyron_internal/244
pyron_internal/244,pyron_leaf/180
pyron_internal/244,pyron_leaf/48
pyron_internal/454,pyron_internal/68
pyron_internal/68,pyron_leaf/71
pyron_internal/68,pyron_internal/182
pyron_internal/182,pyron_leaf/426
pyron_internal/182,pyron_internal/64
pyron_internal/64,pyron_leaf/83
pyron_internal/64,pyron_leaf/265
pyron_internal/326,pyron_internal/75
pyron_internal/75,pyron_internal/63
pyron_internal/63,pyron_leaf/90
pyron_internal/63,pyron_leaf/350
pyron_internal/75,pyron_internal/440
pyron_internal/440,pyron_internal/10
pyron_internal/10,pyron_leaf/156
pyron_internal/10,pyron_leaf/291
pyron_internal/440,pyron_internal/171
pyron_internal/171,pyron_internal/173
pyron_internal/173,pyron_leaf/193
pyron_internal/173,pyron_leaf/35
pyron_internal/171,pyron_internal/273
pyron_internal/273,pyron_leaf/59
pyron_internal/273,pyron_internal/409
pyron_internal/409,pyron_leaf/359
pyron_internal/409,pyron_leaf/87
pyron_internal/142,pyron_internal/59
pyron_internal/59,pyron_internal/36
pyron_internal/36,pyron_leaf/232
pyron_internal/36,pyron_internal/120
pyron_internal/120,pyron_leaf/131
pyron_internal/120,pyron_internal/445
pyron_internal/445,pyron_leaf/283
pyron_internal/445,pyron_internal/136
pyron_internal/136,pyron_leaf/1
pyron_internal/136,pyron_internal/345
pyron_internal/345,pyron_leaf/408
pyron_internal/345,pyron_leaf/4
pyron_internal/59,pyron_internal/347
pyron_internal/347,pyron_internal/338
pyron_internal/338,pyron_leaf/451
pyron_internal/338,pyron_internal/12
pyron_internal/12,pyron_leaf/187
pyron_internal/12,pyron_internal/279
pyron_internal/279,pyron_leaf/219
pyron_internal/279,pyron_leaf/42
pyron_internal/347,pyron_internal/35
pyron_internal/35,pyron_internal/197
pyron_internal/197,pyron_leaf/129
pyron_internal/197,pyron_internal/213
pyron_internal/213,pyron_leaf/29
pyron_internal/213,pyron_leaf/205
pyron_internal/35,pyron_internal/148
pyron_internal/148,pyron_internal/169
pyron_internal/169,pyron_internal/391
pyron_internal/391,pyron_internal/141
pyron_internal/141,pyron_leaf/28
pyron_internal/141,pyron_internal/6
pyron_internal/6,pyron_internal/90
pyron_internal/90,pyron_leaf/437
pyron_internal/90,pyron_internal/11
pyron_internal/11,pyron_leaf/390
pyron_internal/11,pyron_leaf/151
pyron_internal/6,pyron_internal/431
pyron_internal/431,pyron_internal/349
pyron_internal/349,pyron_leaf/165
pyron_internal/349,pyron_internal/327
pyron_internal/327,pyron_leaf/213
pyron_internal/327,pyron_leaf/44
pyron_internal/431,pyron_internal/359
pyron_internal/359,pyron_leaf/98
pyron_internal/359,pyron_internal/177
pyron_internal/177,pyron_leaf/3
pyron_internal/177,pyron_internal/189
pyron_internal/189,pyron_leaf/163
pyron_internal/189,pyron_internal/31
pyron_internal/31,pyron_leaf/240
pyron_internal/31,pyron_leaf/9
pyron_internal/391,pyron_internal/166
pyron_internal/166,pyron_internal/230
pyron_internal/230,pyron_leaf/198
pyron_internal/230,pyron_internal/265
pyron_internal/265,pyron_leaf/78
pyron_internal/265,pyron_internal/352
pyron_internal/352,pyron_leaf/271
pyron_internal/352,pyron_internal/199
pyron_internal/199,pyron_leaf/316
pyron_internal/199,pyron_internal/432
pyron_internal/432,pyron_leaf/370
pyron_internal/432,pyron_internal/215
pyron_internal/215,pyron_leaf/367
pyron_internal/215,pyron_leaf/395
pyron_internal/166,pyron_internal/210
pyron_internal/210,pyron_leaf/238
pyron_internal/210,pyron_internal/152
pyron_internal/152,pyron_leaf/348
pyron_internal/152,pyron_internal/296
pyron_internal/296,pyron_internal/292
pyron_internal/292,pyron_leaf/422
pyron_internal/292,pyron_leaf/412
pyron_internal/296,pyron_internal/81
pyron_internal/81,pyron_internal/238
pyron_internal/238,pyron_internal/302
pyron_internal/302,pyron_leaf/186
pyron_internal/302,pyron_internal/226
pyron_internal/226,pyron_leaf/217
pyron_internal/226,pyron_leaf/368
pyron_internal/238,pyron_internal/185
pyron_internal/185,pyron_internal/305
pyron_internal/305,pyron_leaf/199
pyron_internal/305,pyron_leaf/384
pyron_internal/185,pyron_internal/368
pyron_internal/368,pyron_leaf/24
pyron_internal/368,pyron_leaf/112
pyron_internal/81,pyron_internal/232
pyron_internal/232,pyron_internal/84
pyron_internal/84,pyron_leaf/2
pyron_internal/84,pyron_internal/429
pyron_internal/429,pyron_leaf/85
pyron_internal/429,pyron_internal/350
pyron_internal/350,pyron_leaf/304
pyron_internal/350,pyron_leaf/313
pyron_internal/232,pyron_internal/93
pyron_internal/93,pyron_internal/245
pyron_internal/245,pyron_leaf/178
pyron_internal/245,pyron_leaf/242
pyron_internal/93,pyron_internal/354
pyron_internal/354,pyron_leaf/195
pyron_internal/354,pyron_internal/374
pyron_internal/374,pyron_leaf/79
pyron_internal/374,pyron_leaf/272
pyron_internal/169,pyron_internal/205
pyron_internal/205,pyron_internal/398
pyron_internal/398,pyron_internal/315
pyron_internal/315,pyron_leaf/320
pyron_internal/315,pyron_internal/54
pyron_internal/54,pyron_leaf/166
pyron_internal/54,pyron_internal/25
pyron_internal/25,pyron_leaf/337
pyron_internal/25,pyron_leaf/167
pyron_internal/398,pyron_internal/396
pyron_internal/396,pyron_internal/255
pyron_internal/255,pyron_leaf/382
pyron_internal/255,pyron_leaf/345
pyron_internal/396,pyron_internal/47
pyron_internal/47,pyron_leaf/331
pyron_internal/47,pyron_internal/88
pyron_internal/88,pyron_leaf/354
pyron_internal/88,pyron_leaf/266
pyron_internal/205,pyron_internal/280
pyron_internal/280,pyron_internal/402
pyron_internal/402,pyron_internal/121
pyron_internal/121,pyron_leaf/464
pyron_internal/121,pyron_leaf/290
pyron_internal/402,pyron_internal/176
pyron_internal/176,pyron_internal/100
pyron_internal/100,pyron_leaf/47
pyron_internal/100,pyron_leaf/349
pyron_internal/176,pyron_internal/86
pyron_internal/86,pyron_leaf/236
pyron_internal/86,pyron_internal/381
pyron_internal/381,pyron_internal/56
pyron_internal/56,pyron_leaf/362
pyron_internal/56,pyron_leaf/342
pyron_internal/381,pyron_internal/319
pyron_internal/319,pyron_leaf/110
pyron_internal/319,pyron_internal/285
pyron_internal/285,pyron_leaf/278
pyron_internal/285,pyron_leaf/282
pyron_internal/280,pyron_internal/107
pyron_internal/107,pyron_internal/17
pyron_internal/17,pyron_leaf/160
pyron_internal/17,pyron_internal/308
pyron_internal/308,pyron_internal/430
pyron_internal/430,pyron_leaf/51
pyron_internal/430,pyron_leaf/226
pyron_internal/308,pyron_internal/363
pyron_internal/363,pyron_leaf/317
pyron_internal/363,pyron_internal/271
pyron_internal/271,pyron_leaf/62
pyron_internal/271,pyron_internal/26
pyron_internal/26,pyron_leaf/314
pyron_internal/26,pyron_leaf/435
pyron_internal/107,pyron_internal/240
pyron_internal/240,pyron_leaf/190
pyron_internal/240,pyron_internal/114
pyron_internal/114,pyron_leaf/92
pyron_internal/114,pyron_internal/356
pyron_internal/356,pyron_leaf/401
pyron_internal/356,pyron_internal/344
pyron_internal/344,pyron_internal/79
pyron_internal/79,pyron_leaf/396
pyron_internal/79,pyron_internal/241
pyron_internal/241,pyron_leaf/394
pyron_internal/241,pyron_leaf/352
pyron_internal/344,pyron_internal/339
pyron_internal/339,pyron_internal/143
pyron_internal/143,pyron_leaf/281
pyron_internal/143,pyron_internal/340
pyron_internal/340,pyron_leaf/241
pyron_internal/340,pyron_internal/29
pyron_internal/29,pyron_internal/452
pyron_internal/452,pyron_leaf/432
pyron_internal/452,pyron_leaf/460
pyron_internal/29,pyron_internal/237
pyron_internal/237,pyron_internal/57
pyron_internal/57,pyron_leaf/307
pyron_internal/57,pyron_leaf/276
pyron_internal/237,pyron_internal/58
pyron_internal/58,pyron_leaf/458
pyron_internal/58,pyron_internal/341
pyron_internal/341,pyron_leaf/285
pyron_internal/341,pyron_internal/449
pyron_internal/449,pyron_leaf/292
pyron_internal/449,pyron_leaf/188
pyron_internal/339,pyron_internal/251
pyron_internal/251,pyron_internal/104
pyron_internal/104,pyron_internal/422
pyron_internal/422,pyron_leaf/8
pyron_internal/422,pyron_leaf/128
pyron_internal/104,pyron_internal/234
pyron_internal/234,pyron_leaf/5
pyron_internal/234,pyron_leaf/6
pyron_internal/251,pyron_internal/401
pyron_internal/401,pyron_internal/191
pyron_internal/191,pyron_leaf/123
pyron_internal/191,pyron_leaf/142
pyron_internal/401,pyron_internal/357
pyron_internal/357,pyron_internal/269
pyron_internal/269,pyron_leaf/58
pyron_internal/269,pyron_leaf/376
pyron_internal/357,pyron_internal/153
pyron_internal/153,pyron_leaf/267
pyron_internal/153,pyron_internal/42
pyron_internal/42,pyron_leaf/338
pyron_internal/42,pyron_internal/307
pyron_internal/307,pyron_leaf/214
pyron_internal/307,pyron_leaf/340
pyron_internal/148,pyron_internal/21
pyron_internal/21,pyron_leaf/143
pyron_internal/21,pyron_internal/379
pyron_internal/379,pyron_internal/421
pyron_internal/421,pyron_internal/257
pyron_internal/257,pyron_leaf/228
pyron_internal/257,pyron_internal/184
pyron_internal/184,pyron_internal/311
pyron_internal/311,pyron_leaf/0
pyron_internal/311,pyron_leaf/210
pyron_internal/184,pyron_internal/202
pyron_internal/202,pyron_leaf/106
pyron_internal/202,pyron_internal/353
pyron_internal/353,pyron_leaf/328
pyron_internal/353,pyron_leaf/73
pyron_internal/421,pyron_internal/70
pyron_internal/70,pyron_leaf/434
pyron_internal/70,pyron_internal/425
pyron_internal/425,pyron_internal/274
pyron_internal/274,pyron_leaf/369
pyron_internal/274,pyron_internal/52
pyron_internal/52,pyron_leaf/433
pyron_internal/52,pyron_leaf/398
pyron_internal/425,pyron_internal/150
pyron_internal/150,pyron_internal/91
pyron_internal/91,pyron_internal/130
pyron_internal/130,pyron_leaf/269
pyron_internal/130,pyron_internal/320
pyron_internal/320,pyron_leaf/172
pyron_internal/320,pyron_internal/0
pyron_internal/0,pyron_leaf/152
pyron_internal/0,pyron_leaf/182
pyron_internal/91,pyron_internal/207
pyron_internal/207,pyron_internal/151
pyron_internal/151,pyron_leaf/275
pyron_internal/151,pyron_internal/4
pyron_internal/4,pyron_leaf/424
pyron_internal/4,pyron_leaf/208
pyron_internal/207,pyron_internal/259
pyron_internal/259,pyron_leaf/50
pyron_internal/259,pyron_internal/123
pyron_internal/123,pyron_leaf/353
pyron_internal/123,pyron_leaf/221
pyron_internal/150,pyron_internal/216
pyron_internal/216,pyron_leaf/256
pyron_internal/216,pyron_internal/13
pyron_internal/13,pyron_internal/83
pyron_internal/83,pyron_leaf/164
pyron_internal/83,pyron_internal/416
pyron_internal/416,pyron_leaf/323
pyron_internal/416,pyron_leaf/263
pyron_internal/13,pyron_internal/410
pyron_internal/410,pyron_internal/439
pyron_internal/439,pyron_leaf/52
pyron_internal/439,pyron_leaf/344
pyron_internal/410,pyron_internal/65
pyron_internal/65,pyron_leaf/138
pyron_internal/65,pyron_internal/77
pyron_internal/77,pyron_leaf/413
pyron_internal/77,pyron_internal/200
pyron_internal/200,pyron_leaf/260
pyron_internal/200,pyron_internal/97
pyron_internal/97,pyron_leaf/176
pyron_internal/97,pyron_internal/436
pyron_internal/436,pyron_leaf/56
pyron_internal/436,pyron_internal/435
pyron_internal/435,pyron_leaf/452
pyron_internal/435,pyron_leaf/54
pyron_internal/379,pyron_internal/134
pyron_internal/134,pyron_internal/317
pyron_internal/317,pyron_internal/378
pyron_internal/378,pyron_leaf/414
pyron_internal/378,pyron_leaf/89
pyron_internal/317,pyron_internal/24
pyron_internal/24,pyron_internal/113
pyron_internal/113,pyron_internal/304
pyron_internal/304,pyron_leaf/103
pyron_internal/304,pyron_leaf/456
pyron_internal/113,pyron_internal/337
pyron_internal/337,pyron_leaf/77
pyron_internal/337,pyron_leaf/12
pyron_internal/24,pyron_internal/418
pyron_internal/418,pyron_internal/268
pyron_internal/268,pyron_leaf/438
pyron_internal/268,pyron_internal/74
pyron_internal/74,pyron_leaf/293
pyron_internal/74,pyron_internal/233
pyron_internal/233,pyron_leaf/68
pyron_internal/233,pyron_leaf/326
pyron_internal/418,pyron_internal/426
pyron_internal/426,pyron_leaf/440
pyron_internal/426,pyron_internal/14
pyron_internal/14,pyron_leaf/335
pyron_internal/14,pyron_internal/172
pyron_internal/172,pyron_leaf/20
pyron_internal/172,pyron_internal/461
pyron_internal/461,pyron_internal/209
pyron_internal/209,pyron_leaf/216
pyron_internal/209,pyron_leaf/380
pyron_internal/461,pyron_internal/415
pyron_internal/415,pyron_leaf/404
pyron_internal/415,pyron_leaf/189
pyron_internal/134,pyron_internal/433
pyron_internal/433,pyron_internal/254
pyron_internal/254,pyron_internal/300
pyron_internal/300,pyron_leaf/171
pyron_internal/300,pyron_internal/408
pyron_internal/408,pyron_internal/146
pyron_internal/146,pyron_leaf/279
pyron_internal/146,pyron_leaf/125
pyron_internal/408,pyron_internal/333
pyron_internal/333,pyron_leaf/132
pyron_internal/333,pyron_internal/92
pyron_internal/92,pyron_leaf/18
pyron_internal/92,pyron_internal/385
pyron_internal/385,pyron_leaf/209
pyron_internal/385,pyron_leaf/13
pyron_internal/254,pyron_internal/145
pyron_internal/145,pyron_internal/208
pyron_internal/208,pyron_leaf/461
pyron_internal/208,pyron_internal/394
pyron_internal/394,pyron_leaf/116
pyron_internal/394,pyron_leaf/355
pyron_internal/145,pyron_internal/116
pyron_internal/116,pyron_leaf/255
pyron_internal/116,pyron_internal/376
pyron_internal/376,pyron_leaf/379
pyron_internal/376,pyron_internal/283
pyron_internal/283,pyron_leaf/14
pyron_internal/283,pyron_internal/133
pyron_internal/133,pyron_leaf/113
pyron_internal/133,pyron_internal/239
pyron_internal/239,pyron_leaf/284
pyron_internal/239,pyron_internal/294
pyron_internal/294,pyron_leaf/459
pyron_internal/294,pyron_internal/125
pyron_internal/125,pyron_leaf/441
pyron_internal/125,pyron_leaf/67
pyron_internal/433,pyron_internal/322
pyron_internal/322,pyron_internal/175
pyron_internal/175,pyron_internal/15
pyron_internal/15,pyron_leaf/139
pyron_internal/15,pyron_internal/447
pyron_internal/447,pyron_leaf/287
pyron_internal/447,pyron_internal/236
pyron_internal/236,pyron_leaf/430
pyron_internal/236,pyron_leaf/46
pyron_internal/175,pyron_internal/328
pyron_internal/328,pyron_internal/180
pyron_internal/180,pyron_leaf/315
pyron_internal/180,pyron_internal/154
pyron_internal/154,pyron_leaf/336
pyron_internal/154,pyron_leaf/19
pyron_internal/328,pyron_internal/37
pyron_internal/37,pyron_leaf/196
pyron_internal/37,pyron_internal/403
pyron_internal/403,pyron_internal/303
pyron_internal/303,pyron_leaf/445
pyron_internal/303,pyron_leaf/383
pyron_internal/403,pyron_internal/448
pyron_internal/448,pyron_internal/404
pyron_internal/404,pyron_leaf/259
pyron_internal/404,pyron_leaf/173
pyron_internal/448,pyron_internal/87
pyron_internal/87,pyron_internal/40
pyron_internal/40,pyron_leaf/119
pyron_internal/40,pyron_internal/246
pyron_internal/246,pyron_leaf/385
pyron_internal/246,pyron_leaf/121
pyron_internal/87,pyron_internal/258
pyron_internal/258,pyron_internal/299
pyron_internal/299,pyron_leaf/93
pyron_internal/299,pyron_internal/441
pyron_internal/441,pyron_leaf/343
pyron_internal/441,pyron_leaf/425
pyron_internal/258,pyron_internal/82
pyron_internal/82,pyron_leaf/206
pyron_internal/82,pyron_internal/1
pyron_internal/1,pyron_leaf/155
pyron_internal/1,pyron_internal/132
pyron_internal/132,pyron_leaf/227
pyron_internal/132,pyron_internal/170
pyron_internal/170,pyron_leaf/162
pyron_internal/170,pyron_internal/183
pyron_internal/183,pyron_internal/196
pyron_internal/196,pyron_leaf/161
pyron_internal/196,pyron_internal/124
pyron_internal/124,pyron_leaf/392
pyron_internal/124,pyron_leaf/94
pyron_internal/183,pyron_internal/118
pyron_internal/118,pyron_leaf/64
pyron_internal/118,pyron_internal/450
pyron_internal/450,pyron_leaf/305
pyron_internal/450,pyron_internal/43
pyron_internal/43,pyron_leaf/109
pyron_internal/43,pyron_leaf/288
pyron_internal/322,pyron_internal/366
pyron_internal/366,pyron_internal/358
pyron_internal/358,pyron_internal/159
pyron_internal/159,pyron_leaf/296
pyron_internal/159,pyron_internal/266
pyron_internal/266,pyron_leaf/200
pyron_internal/266,pyron_leaf/117
pyron_internal/358,pyron_internal/306
pyron_internal/306,pyron_internal/393
pyron_internal/393,pyron_leaf/333
pyron_internal/393,pyron_internal/223
pyron_internal/223,pyron_leaf/308
pyron_internal/223,pyron_leaf/254
pyron_internal/306,pyron_internal/287
pyron_internal/287,pyron_leaf/248
pyron_internal/287,pyron_internal/192
pyron_internal/192,pyron_leaf/447
pyron_internal/192,pyron_internal/411
pyron_internal/411,pyron_leaf/341
pyron_internal/411,pyron_leaf/322
pyron_internal/366,pyron_internal/32
pyron_internal/32,pyron_internal/224
pyron_internal/224,pyron_internal/73
pyron_internal/73,pyron_leaf/325
pyron_internal/73,pyron_internal/227
pyron_internal/227,pyron_leaf/154
pyron_internal/227,pyron_leaf/170
pyron_internal/224,pyron_internal/455
pyron_internal/455,pyron_internal/367
pyron_internal/367,pyron_internal/165
pyron_internal/165,pyron_leaf/230
pyron_internal/165,pyron_internal/89
pyron_internal/89,pyron_leaf/38
pyron_internal/89,pyron_leaf/418
pyron_internal/367,pyron_internal/62
pyron_internal/62,pyron_internal/30
pyron_internal/30,pyron_leaf/421
pyron_internal/30,pyron_leaf/411
pyron_internal/62,pyron_internal/252
pyron_internal/252,pyron_leaf/86
pyron_internal/252,pyron_internal/249
pyron_internal/249,pyron_leaf/270
pyron_internal/249,pyron_leaf/40
pyron_internal/455,pyron_internal/67
pyron_internal/67,pyron_internal/167
pyron_internal/167,pyron_internal/314
pyron_internal/314,pyron_leaf/215
pyron_internal/314,pyron_internal/119
pyron_internal/119,pyron_leaf/140
pyron_internal/119,pyron_internal/417
pyron_internal/417,pyron_leaf/415
pyron_internal/417,pyron_leaf/184
pyron_internal/167,pyron_internal/261
pyron_internal/261,pyron_internal/8
pyron_internal/8,pyron_internal/355
pyron_internal/355,pyron_leaf/252
pyron_internal/355,pyron_leaf/448
pyron_internal/8,pyron_internal/289
pyron_internal/289,pyron_leaf/122
pyron_internal/289,pyron_leaf/417
pyron_internal/261,pyron_internal/60
pyron_internal/60,pyron_leaf/10
pyron_internal/60,pyron_internal/204
pyron_internal/204,pyron_leaf/17
pyron_internal/204,pyron_internal/144
pyron_internal/144,pyron_leaf/454
pyron_internal/144,pyron_leaf/84
pyron_internal/67,pyron_internal/413
pyron_internal/413,pyron_internal/264
pyron_internal/264,pyron_leaf/391
pyron_internal/264,pyron_leaf/22
pyron_internal/413,pyron_internal/129
pyron_internal/129,pyron_internal/336
pyron_internal/336,pyron_leaf/397
pyron_internal/336,pyron_internal/278
pyron_internal/278,pyron_leaf/388
pyron_internal/278,pyron_internal/318
pyron_internal/318,pyron_leaf/309
pyron_internal/318,pyron_leaf/431
pyron_internal/129,pyron_internal/250
pyron_internal/250,pyron_internal/424
pyron_internal/424,pyron_leaf/45
pyron_internal/424,pyron_leaf/158
pyron_internal/250,pyron_internal/163
pyron_internal/163,pyron_internal/115
pyron_internal/115,pyron_leaf/444
pyron_internal/115,pyron_leaf/153
pyron_internal/163,pyron_internal/179
pyron_internal/179,pyron_internal/400
pyron_internal/400,pyron_leaf/101
pyron_internal/400,pyron_leaf/107
pyron_internal/179,pyron_internal/111
pyron_internal/111,pyron_leaf/183
pyron_internal/111,pyron_leaf/223
pyron_internal/32,pyron_internal/61
pyron_internal/61,pyron_internal/127
pyron_internal/127,pyron_internal/131
pyron_internal/131,pyron_internal/377
pyron_internal/377,pyron_leaf/135
pyron_internal/377,pyron_internal/137
pyron_internal/137,pyron_leaf/95
pyron_internal/137,pyron_internal/117
pyron_internal/117,pyron_leaf/27
pyron_internal/117,pyron_internal/301
pyron_internal/301,pyron_leaf/37
pyron_internal/301,pyron_leaf/405
pyron_internal/131,pyron_internal/46
pyron_internal/46,pyron_internal/195
pyron_internal/195,pyron_leaf/91
pyron_internal/195,pyron_internal/219
pyron_internal/219,pyron_leaf/373
pyron_internal/219,pyron_leaf/378
pyron_internal/46,pyron_internal/109
pyron_internal/109,pyron_leaf/356
pyron_internal/109,pyron_internal/128
pyron_internal/128,pyron_leaf/351
pyron_internal/128,pyron_internal/290
pyron_internal/290,pyron_leaf/130
pyron_internal/290,pyron_leaf/244
pyron_internal/127,pyron_internal/193
pyron_internal/193,pyron_internal/386
pyron_internal/386,pyron_internal/375
pyron_internal/375,pyron_leaf/298
pyron_internal/375,pyron_leaf/211
pyron_internal/386,pyron_internal/458
pyron_internal/458,pyron_leaf/449
pyron_internal/458,pyron_internal/438
pyron_internal/438,pyron_leaf/192
pyron_internal/438,pyron_leaf/428
pyron_internal/193,pyron_internal/420
pyron_internal/420,pyron_internal/343
pyron_internal/343,pyron_leaf/53
pyron_internal/343,pyron_internal/348
pyron_internal/348,pyron_leaf/224
pyron_internal/348,pyron_leaf/175
pyron_internal/420,pyron_internal/220
pyron_internal/220,pyron_internal/332
pyron_internal/332,pyron_leaf/225
pyron_internal/332,pyron_leaf/147
pyron_internal/220,pyron_internal/69
pyron_internal/69,pyron_internal/94
pyron_internal/94,pyron_leaf/257
pyron_internal/94,pyron_leaf/169
pyron_internal/69,pyron_internal/325
pyron_internal/325,pyron_leaf/30
pyron_internal/325,pyron_internal/277
pyron_internal/277,pyron_leaf/60
pyron_internal/277,pyron_leaf/273
pyron_internal/61,pyron_internal/53
pyron_internal/53,pyron_internal/156
pyron_internal/156,pyron_internal/108
pyron_internal/108,pyron_internal/373
pyron_internal/373,pyron_leaf/212
pyron_internal/373,pyron_leaf/31
pyron_internal/108,pyron_internal/105
pyron_internal/105,pyron_leaf/457
pyron_internal/105,pyron_leaf/358
pyron_internal/156,pyron_internal/96
pyron_internal/96,pyron_internal/102
pyron_internal/102,pyron_leaf/321
pyron_internal/102,pyron_leaf/427
pyron_internal/96,pyron_internal/138
pyron_internal/138,pyron_internal/242
pyron_internal/242,pyron_leaf/231
pyron_internal/242,pyron_leaf/274
pyron_internal/138,pyron_internal/203
pyron_internal/203,pyron_internal/382
pyron_internal/382,pyron_leaf/268
pyron_internal/382,pyron_leaf/429
pyron_internal/203,pyron_internal/214
pyron_internal/214,pyron_leaf/115
pyron_internal/214,pyron_internal/291
pyron_internal/291,pyron_leaf/141
pyron_internal/291,pyron_leaf/15
pyron_internal/53,pyron_internal/212
pyron_internal/212,pyron_internal/365
pyron_internal/365,pyron_internal/157
pyron_internal/157,pyron_leaf/80
pyron_internal/157,pyron_leaf/357
pyron_internal/365,pyron_internal/457
pyron_internal/457,pyron_leaf/235
pyron_internal/457,pyron_internal/272
pyron_internal/272,pyron_leaf/303
pyron_internal/272,pyron_leaf/301
pyron_internal/212,pyron_internal/323
pyron_internal/323,pyron_internal/18
pyron_internal/18,pyron_leaf/249
pyron_internal/18,pyron_internal/247
pyron_internal/247,pyron_leaf/111
pyron_internal/247,pyron_internal/392
pyron_internal/392,pyron_leaf/23
pyron_internal/392,pyron_leaf/72
pyron_internal/323,pyron_internal/139
pyron_internal/139,pyron_internal/397
pyron_internal/397,pyron_leaf/443
pyron_internal/397,pyron_leaf/386
pyron_internal/139,pyron_internal/23
pyron_internal/23,pyron_internal/383
pyron_internal/383,pyron_leaf/203
pyron_internal/383,pyron_leaf/134
pyron_internal/23,pyron_internal/158
pyron_internal/158,pyron_internal/222
pyron_internal/222,pyron_leaf/399
pyron_internal/222,pyron_internal/428
pyron_internal/428,pyron_leaf/75
pyron_internal/428,pyron_leaf/327
pyron_internal/158,pyron_internal/49
pyron_internal/49,pyron_internal/380
pyron_internal/380,pyron_internal/419
pyron_internal/419,pyron_leaf/245
pyron_internal/419,pyron_leaf/63
pyron_internal/380,pyron_internal/346
pyron_internal/346,pyron_leaf/57
pyron_internal/346,pyron_leaf/374
pyron_internal/49,pyron_internal/149
pyron_internal/149,pyron_internal/412
pyron_internal/412,pyron_leaf/277
pyron_internal/412,pyron_internal/190
pyron_internal/190,pyron_leaf/234
pyron_internal/190,pyron_leaf/144
pyron_internal/149,pyron_internal/442
pyron_internal/442,pyron_leaf/82
pyron_internal/442,pyron_internal/263
pyron_internal/263,pyron_leaf/347
pyron_internal/263,pyron_leaf/360
