_from,_to
whale_internal/48,whale_internal/52
whale_internal/52,whale_internal/29
whale_internal/29,whale_internal/8
whale_internal/8,whale_leaf/57
whale_internal/8,whale_leaf/45
whale_internal/29,whale_leaf/32
whale_internal/52,whale_internal/54
whale_internal/54,whale_internal/26
whale_internal/26,whale_internal/47
whale_internal/47,whale_leaf/24
whale_internal/47,whale_leaf/5
whale_internal/26,whale_internal/71
whale_internal/71,whale_leaf/70
whale_internal/71,whale_internal/44
whale_internal/44,whale_internal/34
whale_internal/34,whale_internal/45
whale_internal/45,whale_internal/3
whale_internal/3,whale_internal/27
whale_internal/27,whale_leaf/19
whale_internal/27,whale_leaf/3
whale_internal/3,whale_leaf/34
whale_internal/45,whale_internal/69
whale_internal/69,whale_internal/35
whale_internal/35,whale_leaf/33
whale_internal/35,whale_internal/57
whale_internal/57,whale_leaf/55
whale_internal/57,whale_leaf/14
whale_internal/69,whale_leaf/25
whale_internal/34,whale_internal/6
whale_internal/6,whale_internal/66
whale_internal/66,whale_leaf/63
whale_internal/66,whale_leaf/60
whale_internal/6,whale_leaf/0
whale_internal/44,whale_internal/56
whale_internal/56,whale_internal/61
whale_internal/61,whale_leaf/4
whale_internal/61,whale_internal/7
whale_internal/7,whale_leaf/28
whale_internal/7,whale_leaf/6
whale_internal/56,whale_internal/39
whale_internal/39,whale_internal/12
whale_internal/12,whale_leaf/10
whale_internal/12,whale_leaf/1
whale_internal/39,whale_leaf/37
whale_internal/54,whale_internal/33
whale_internal/33,whale_internal/38
whale_internal/38,whale_internal/20
whale_internal/20,whale_internal/65
whale_internal/65,whale_internal/72
whale_internal/72,whale_internal/18
whale_internal/18,whale_internal/63
whale_internal/63,whale_leaf/48
whale_internal/63,whale_internal/59
whale_internal/59,whale_leaf/43
whale_internal/59,whale_internal/25
whale_internal/25,whale_internal/46
whale_internal/46,whale_leaf/58
whale_internal/46,whale_leaf/26
whale_internal/25,whale_internal/64
whale_internal/64,whale_internal/31
whale_internal/31,whale_internal/58
whale_internal/58,whale_internal/42
whale_internal/42,whale_leaf/13
whale_internal/42,whale_internal/67
whale_internal/67,whale_leaf/68
whale_internal/67,whale_leaf/31
whale_internal/58,whale_leaf/22
whale_internal/31,whale_leaf/17
whale_internal/64,whale_leaf/8
whale_internal/18,whale_internal/14
whale_internal/14,whale_leaf/42
whale_internal/14,whale_leaf/50
whale_internal/72,whale_internal/37
whale_internal/37,whale_internal/0
whale_internal/0,whale_leaf/65
whale_internal/0,whale_internal/9
whale_internal/9,whale_internal/22
whale_internal/22,whale_leaf/46
whale_internal/22,whale_leaf/66
whale_internal/9,whale_internal/21
whale_internal/21,whale_internal/60
whale_internal/60,whale_leaf/41
whale_internal/60,whale_internal/16
whale_internal/16,whale_leaf/44
whale_internal/16,whale_leaf/11
whale_internal/21,whale_internal/5
whale_internal/5,whale_leaf/20
whale_internal/5,whale_leaf/69
whale_internal/37,whale_internal/17
whale_internal/17,whale_leaf/18
whale_internal/17,whale_leaf/21
whale_internal/65,whale_internal/50
whale_internal/50,whale_internal/43
whale_internal/43,whale_internal/51
whale_internal/51,whale_leaf/71
whale_internal/51,whale_internal/53
whale_internal/53,whale_leaf/23
whale_internal/53,whale_leaf/2
whale_internal/43,whale_leaf/15
whale_internal/50,whale_leaf/27
whale_internal/20,whale_internal/41
whale_internal/41,whale_leaf/59
whale_internal/41,whale_leaf/29
whale_internal/38,whale_internal/30
whale_internal/30,whale_internal/73
whale_internal/73,whale_internal/11
whale_internal/11,whale_internal/1
whale_internal/1,whale_leaf/51
whale_internal/1,whale_leaf/74
whale_internal/11,whale_internal/68
whale_internal/68,whale_leaf/12
whale_internal/68,whale_internal/24
whale_internal/24,whale_leaf/73
whale_internal/24,whale_leaf/62
whale_internal/73,whale_leaf/47
whale_internal/30,whale_internal/19
whale_internal/19,whale_leaf/49
whale_internal/19,whale_leaf/40
whale_internal/33,whale_internal/2
whale_internal/2,whale_leaf/53
whale_internal/2,whale_internal/28
whale_internal/28,whale_internal/70
whale_internal/70,whale_leaf/39
whale_internal/70,whale_leaf/56
whale_internal/28,whale_leaf/54
whale_internal/48,whale_internal/4
whale_internal/4,whale_internal/49
whale_internal/49,whale_leaf/64
whale_internal/49,whale_internal/15
whale_internal/15,whale_leaf/72
whale_internal/15,whale_leaf/30
whale_internal/4,whale_internal/62
whale_internal/62,whale_internal/36
whale_internal/36,whale_leaf/61
whale_internal/36,whale_internal/32
whale_internal/32,whale_internal/13
whale_internal/13,whale_leaf/38
whale_internal/13,whale_internal/23
whale_internal/23,whale_internal/55
whale_internal/55,whale_leaf/7
whale_internal/55,whale_leaf/36
whale_internal/23,whale_leaf/67
whale_internal/32,whale_internal/40
whale_internal/40,whale_leaf/16
whale_internal/40,whale_internal/10
whale_internal/10,whale_leaf/9
whale_internal/10,whale_leaf/35
whale_internal/62,whale_leaf/52
