PCIII_padwidth_vs_tail_estimate,PCIII_padwidth_vs_tail_lowerCI95,PCIII_padwidth_vs_tail_upperCI95,PCII_head_estimate,PCII_head_lowerCI95,PCII_head_upperCI95,PCIV_lamella_num_estimate,PCIV_lamella_num_lowerCI95,PCIV_lamella_num_upperCI95,PCI_limbs_estimate,PCI_limbs_lowerCI95,PCI_limbs_upperCI95,SVL_estimate,SVL_lowerCI95,SVL_upperCI95,attitude_estimate,attitude_lowerCI95,attitude_upperCI95,awesomeness_estimate,awesomeness_lowerCI95,awesomeness_upperCI95,ecomorph_CG,ecomorph_GB,ecomorph_T,ecomorph_TC,ecomorph_TG,ecomorph_TW,ecomorph_U,hostility_estimate,hostility_lowerCI95,hostility_upperCI95,island_Cuba,island_Hispaniola,island_Jamaica,island_Puerto Rico,label,_key,length
2.0656543196021,1.36925372978473,2.76205490941946,-0.85796891501039,-1.72780639257195,0.0118685625511669,-0.557907246005812,-1.15114247067759,0.0353279786659674,0.562440150325655,-0.603890873036072,1.72877117368738,3.65432391482336,3.49887106553987,3.80977676410685,-0.454572273057427,-1.33245477052076,0.423310224405905,0.0981368729996114,-0.738438441249701,0.934712187248924,4.90349108505089e-05,5.26215860564057e-05,0.000359661212472668,0.000457008361577711,4.91015482737749e-05,0.000208035840229335,0.99882453654054,-0.0993284588084721,-0.998607352109751,0.799950434492807,0.99999774343766,7.52188648529321e-07,7.52186845521308e-07,7.52186846105773e-07,node 170,0,0.2356256274
1.45037159325745,0.429073014158622,2.47167017235628,-0.21495887755016,-1.49060940523496,1.06069165013464,1.15480400193095,0.284801447528234,2.02480655633366,0.325352742298649,-1.38511711418239,2.03582259877969,4.16141886298455,3.93344120700392,4.38939651896518,0.274030083299527,-1.01341877930148,1.56147894590053,0.156641165362814,-1.07022910477302,1.38351143549864,0.000169974560434167,0.000253667962099072,0.000150361920778703,0.996601986214202,0.00015359487294713,0.000209755508920577,0.00246065896061826,-0.191255322443127,-1.51008283260223,1.12757218771598,1.88411901465809e-05,0.999963202857482,8.9759913405747e-06,8.97996103085735e-06,node 198,1,0.2135626601
-0.503842051959003,-1.40477043423188,0.397086330313869,-0.337041002131077,-1.46234342570509,0.788261421442934,-0.510192906115406,-1.2776570052067,0.25727119297589,-1.48983598306668,-2.99870995221067,0.0190379860773164,3.99261724272711,3.79150902129178,4.19372546416243,0.469763259201081,-0.665946948156342,1.6054734665585,0.473330872703473,-0.608940531911097,1.55560227731804,0.000486722879682203,0.359103675493159,0.00232264775172829,0.0043004137476612,0.630432434927833,0.000502783234820889,0.00285132196511564,-0.180196457737051,-1.34358702690147,0.983194111427369,1.16189584118568e-06,1.05951810484603e-06,3.76705218800221e-07,0.999997401880835,node 126,2,0.03035078065
-2.54907643590621,-3.54541807631924,-1.55273479549318,1.3729835660909,0.128505442495821,2.61746168968597,0.765777623288817,-0.0829651341739321,1.61452038075157,2.47060485714225,0.801932857043006,4.1392768572415,3.64542619517329,3.42301950981621,3.86783288053036,0.288238659484231,-0.96774948929361,1.54422680826207,0.158911832286178,-1.03797805137519,1.35580171594754,3.16163458267423e-05,0.999808229428013,3.16193426598975e-05,3.16846250621499e-05,3.16221028251183e-05,3.23954614032325e-05,3.28326942097571e-05,-0.0610288014594557,-1.34762881421303,1.22557121129411,0.999963919424825,1.20268807092055e-05,1.20268470952204e-05,1.20268473702694e-05,node 182,3,0.1746995073
2.04939415749837,1.16920387922934,2.92958443576739,0.894635756382677,-0.204763788388712,1.99403530115407,-1.1641859654986,-1.9139841206377,-0.414387810359498,-2.61596078767132,-4.09010260061233,-1.14181897473031,3.90834339762582,3.71186440454451,4.10482239070713,-0.28871531736614,-1.39828307337911,0.820852438646828,-0.455418467606609,-1.51277750694231,0.601940571729091,1.27794249641365e-05,2.43867147911395e-05,0.999767556010049,2.05341329268419e-05,0.000117927149383325,1.29902951300501e-05,4.38262727554241e-05,0.562903042406252,-0.5737079124235,1.699513997236,3.38558861317883e-05,0.999916476151342,4.4225912849124e-06,4.52453712411897e-05,node 131,4,0.09835748687
-3.44564059869907,-4.26879090463509,-2.62249029276306,-2.16608342757798,-3.19423733244067,-1.13792952271529,2.81230712482074,2.1110989928623,3.51351525677919,1.65199682001775,0.273385496677754,3.03060814335774,3.90512221088249,3.7213758695994,4.08886855216559,0.498925524989983,-0.538737648948923,1.53658869892889,0.700798798390752,-0.288038999755621,1.68963659653712,5.24913839021182e-05,0.999157237105446,4.95180303609434e-05,8.36969693346705e-05,5.0008158663268e-05,6.3703042931075e-05,0.000543345309361879,-0.915078153213739,-1.97803201477908,0.147875708351599,4.79908917237444e-06,0.999985716274085,4.74230694699322e-06,4.74232979578253e-06,node 196,5,0.2331829749
-0.886585134139742,-1.87250560351648,0.0993353352369917,0.252876714409619,-0.978584870629926,1.48433829944916,-0.639026813015954,-1.47889220042552,0.200838574393615,-0.372758145587076,-2.02397677867728,1.27846048750313,3.98778853600812,3.76770809901176,4.20786897300448,0.133993610463284,-1.10885761139403,1.3768448323206,0.352709992771455,-0.83166109845634,1.53708108399925,8.87921304493771e-05,0.00208263029483502,7.92219695262102e-05,0.000102850260359136,0.00253353562866753,0.000543798686358645,0.994569171029804,-0.175495584659487,-1.44863848767844,1.09764731835946,0.0010976410934775,0.998873642941614,1.31968170456022e-05,1.55191478627397e-05,node 136,6,0.0672038969
0.382175467152505,-0.311445350724736,1.07579628502975,1.75000526665486,0.883639856532576,2.61637067677715,-1.80876273408513,-2.3996299845542,-1.21789548361605,-1.90403144149099,-3.06570690553952,-0.742355977442448,3.99583541365728,3.84100307428543,4.15066775302913,-0.143517568524424,-1.01789588582356,0.730860748774711,-0.859626841391045,-1.69286285837618,-0.0263908244059103,3.84491547896743e-06,5.55926415271434e-06,3.84495140106455e-06,3.84507295084892e-06,0.999975211529106,3.84497208137806e-06,3.84929482940518e-06,0.843451836880318,-0.0522374698087519,1.73914114356939,0.999995424012241,1.52533129104419e-06,1.52532874234132e-06,1.52532772589345e-06,node 113,7,0.1478767518
-1.55841419539742,-2.43689696885427,-0.679931421940574,-3.16385510040277,-4.26112189040561,-2.06658831039992,-2.07026011140281,-2.81860371291905,-1.32191650988657,-2.92822902669814,-4.39951111225796,-1.45694694113833,4.15905237030454,3.96295453211037,4.3551502084987,-0.244011493847734,-1.35142676950548,0.863403781810014,-0.280975985123466,-1.33628382519869,0.774331854951755,1.09586617212227e-05,1.09586422526729e-05,1.09586134443007e-05,1.09586158035927e-05,0.999934187991741,1.09586345569765e-05,1.10188404800608e-05,0.320273910893323,-0.814132101751924,1.45467992353857,4.30271243048401e-06,0.999987092117972,4.30258426806242e-06,4.30258532943494e-06,node 147,8,0.06962183477
-0.847346587657798,-1.86892498548403,0.174231810168439,-0.667454062418394,-1.94345409700997,0.608545972173182,1.07781093244592,0.207570011895842,1.94805185299601,0.340921962905224,-1.37001653370545,2.0518604595159,4.11327916325328,3.88523904520829,4.34131928129826,0.540508308433448,-0.747293293620745,1.82830991048764,0.712265502161766,-0.514940909906215,1.93947191422975,0.00735089028395092,0.0788392182062871,0.0024101479430491,0.0592043799831208,0.00322458108133392,0.0259810053069553,0.822989777195303,-0.590586704367017,-1.90977555120387,0.728602142469835,0.000177545086673334,0.999809768588189,6.30871038043625e-06,6.37761475756839e-06,node 194,9,0.03149201716
1.39239014502025,0.322675325414217,2.46210496462628,-1.13865706308354,-2.47478177923341,0.197467653066324,0.797222248012312,-0.114024124582148,1.70846862060677,3.73148428472567,1.93992695622956,5.52304161322177,3.8139742625655,3.57518897280556,4.05275955232543,0.039437698329175,-1.30904467107198,1.38792006773033,0.249174605926507,-1.03585734903458,1.5342065608876,7.69327732928879e-05,0.000147951398215756,8.55313521516111e-05,0.000271983524490653,7.82522399011058e-05,0.998532220199223,0.000807128512725052,-0.160697303088186,-1.54204587342121,1.22065126724484,0.999761498064071,0.000197545981141333,2.04778995058475e-05,2.04780552818502e-05,node 174,10,0.1849421323
0.499666470634293,-0.586630631933338,1.58596357320192,-0.674301835424653,-2.03113861212478,0.68253494127547,-0.0329223873689661,-0.958294529674327,0.892449754936395,-0.53870373467083,-2.35803305437296,1.2806255850313,4.24086704143161,3.99838019947356,4.48335388338966,0.00829009987552858,-1.3610958933778,1.37767609312886,0.375199315282942,-0.929752681077321,1.68015131164321,0.0179567261850838,0.00975768548024706,0.00992536153345294,0.318178846417345,0.327039911498313,0.156522126943334,0.160619341942225,0.050647919240762,-1.35211375339022,1.45340959187174,0.00772131168518637,0.000893732055889149,0.964814277394384,0.0265706788645402,node 118,11,0.1226128606
-0.0904822687481918,-1.09755897670489,0.916594439208504,-0.0963022372046012,-1.35418897103087,1.16158449662167,0.799873256640091,-0.0580142664923743,1.65776077977256,0.316749456367519,-1.36990162430278,2.00340053703782,4.22939320919864,4.00459020646144,4.45419621193585,0.349051015108834,-0.92046975848792,1.61857178870559,0.301415243870596,-0.908370511269254,1.51120099901045,0.00410794059733433,0.00618549842289315,0.000519967512139853,0.0117588515540603,0.00323728334350798,0.0116312621347729,0.962559196435292,-0.202138585865139,-1.502601050491,1.09832387876072,0.924305319943924,0.0748952134812262,9.99131085023787e-05,0.000699553466347114,node 185,12,0.1207482386
1.86410912752287,1.05996921505052,2.66824903999523,0.911535079444556,-0.0928739392999072,1.91594409818902,-1.35927869375197,-2.04429264781567,-0.67426473968828,-2.45794767866583,-3.80472041371744,-1.11117494361421,3.88508640985078,3.70558363164495,4.06458918805662,-0.537669254774221,-1.55136792906212,0.476029419513683,-1.04834743130962,-2.01434833626778,-0.0823465263514483,6.56432239348652e-06,6.6173530977665e-06,0.999959902404504,6.5997516479358e-06,7.04471514343005e-06,6.56528580471999e-06,6.70616740886769e-06,1.05399496073096,0.0155896791714258,2.0924002422905,2.71451791266666e-06,0.99999190100039,2.64184064421783e-06,2.74264105250192e-06,node 133,13,0.1052448847
0.00985644075184455,-0.843794077188476,0.863506958692165,0.0624558408592559,-1.0037942802658,1.12870596198431,-0.298027247373425,-1.02521726445012,0.429162769703266,-0.585901651955529,-2.01559470038289,0.843791396471836,4.04799321209367,3.8574385123325,4.23854791185484,0.145295971842273,-0.930815765580081,1.22140770926463,0.271344011055798,-0.754133222517915,1.29682124462951,0.00106754230007725,0.00603659112634047,0.00911790424043286,0.0100756159795501,0.521608838233655,0.00410304244604992,0.447990465673895,-0.0913334384309488,-1.19367296005709,1.01100608319519,0.920138493536538,0.0742034105209347,0.00199705868892719,0.00366103725360039,node 103,14,0.03488732303
-1.4095452713542,-2.23003669093662,-0.589053851771785,-2.92471296460132,-3.94954579387512,-1.89988013532752,-2.00306109823034,-2.70200423348084,-1.30411796297984,-2.78098218595836,-4.15514040904667,-1.40682396287005,4.14636235415576,3.96320953830276,4.32951517000876,-0.0138708158801559,-1.04818219801031,1.02044056624999,-0.106280889749574,-1.09192460862701,0.879362829127865,6.94242334748342e-07,6.93524510453987e-07,6.92462317858915e-07,6.92549307234724e-07,0.999993620889276,6.93240762668716e-07,2.91309149074404e-06,0.178088343515859,-0.881432033913432,1.23760872094515,2.14877948252241e-07,0.99999937269725,2.06176369648252e-07,2.06248431461845e-07,node 145,15,0.1066560095
2.0075188997024,1.0914811301156,2.9235566692892,1.00997575473332,-0.134199012633646,2.15415052210028,-0.128235986320285,-0.908571155466508,0.652099182825938,7.84580692538367,6.31162776921672,9.37998608155062,3.74772595303285,3.54324496405077,3.95220694201493,-0.493892454206024,-1.64864955334418,0.660864644932135,-0.104580832948408,-1.20500291208148,0.99584124618466,5.00804727124246e-05,6.72792256958326e-05,5.21628114504685e-05,9.73163871323656e-05,5.04000111474372e-05,0.999455847342446,0.000226913749415121,0.319897774486006,-0.863003911269649,1.50279946024166,0.00853388830374479,0.99083861286583,0.000313749394697038,0.000313749435728685,node 173,16,0.3773659809
-0.242656509698991,-1.14349430954012,0.658181290142136,-0.286003474126107,-1.41119275593216,0.839185807679942,-0.471948487238913,-1.23933542285557,0.295438448377748,-1.61385375284035,-3.12257601461669,-0.105131491064015,4.00672002455643,3.80563202323194,4.20780802588092,0.475365373727856,-0.660230645427301,1.61096139288301,0.516923725625609,-0.565238863707338,1.59908631495856,0.00107551855256989,0.207552008620653,0.00813117352585333,0.0157319390569847,0.756209195155775,0.00113724020923039,0.0101629248789336,-0.222873262512154,-1.38614686039573,0.940400335371419,2.28225236996321e-05,2.00561448741107e-05,1.60565771463971e-06,0.999955515673712,node 125,17,0.07727244709
0.635431031582888,0.0437996467546129,1.22706241641116,0.176547554004596,-0.562428200683151,0.915523308692342,2.00652127647414,1.50253465924062,2.51050789370765,0.555442085528429,-0.435421576291049,1.54630574734791,5.04128061720011,4.90921469732315,5.17334653707708,0.598839582164364,-0.146970868436989,1.34465003276572,0.619171242203699,-0.0915464379928004,1.3298889224002,0.999537012861837,3.46584067028031e-05,2.9730992138519e-05,4.02746517545279e-05,3.03288509816278e-05,3.40140557721427e-05,0.000293980180813373,-0.370291330086053,-1.13427921977208,0.393696559599977,0.999963875256145,3.03369592467932e-05,2.84848970820966e-06,2.93929489993925e-06,node 188,18,0.6297194497
-1.24673796563937,-2.22365338091676,-0.269822550361973,-1.66600566138018,-2.88621950530978,-0.445791817450573,-1.97181304768753,-2.80400739723482,-1.13961869814024,-3.28387102679193,-4.92000800412727,-1.64773404945659,4.22222259563999,4.00415229668511,4.44029289459488,1.33919544933085,0.10769599755832,2.57069490110337,1.01875437197364,-0.154799086309643,2.19230783025692,3.10757786480191e-05,3.10657242335846e-05,3.10508463245411e-05,3.10520647664949e-05,0.999782539102485,3.10617498378298e-05,6.21547337044179e-05,-0.699351769553957,-1.96086622882518,0.562162689717269,1.11094567727993e-05,0.99996693271974,1.09783689440269e-05,1.09794545432166e-05,node 150,19,0.1965578014
1.79712183010549,0.939764789646307,2.65447887056467,-0.882290781894533,-1.95317052603467,0.188588962245603,0.937160783778604,0.206813331525407,1.6675082360318,0.275522862288997,-1.16037786640997,1.71142359098796,4.0921408805841,3.90075879857352,4.28352296259467,0.63784547104478,-0.442938708206805,1.71862965029637,0.546807624807618,-0.483122197242224,1.57673744685746,1.59354567336824e-05,1.83407937671221e-05,1.53717921251427e-05,0.999836039078551,1.54647067327862e-05,1.70787558076384e-05,8.17694162822015e-05,-0.547449900589273,-1.65457574422246,0.559675943043909,4.16552469232045e-06,0.999987923244197,3.955573313554e-06,3.9556577965902e-06,node 199,20,0.1377057507
-0.163392256115569,-1.25326302524194,0.926478513010802,-0.697411934210476,-2.05871239050903,0.663888522088075,-0.380469246487638,-1.3088856494023,0.547947156427026,-1.05720305915554,-2.88251755209783,0.768111433786746,4.21399493233294,3.97071036467352,4.45727949999236,0.0660269335712519,-1.30786402330439,1.4399178904469,0.378910801839624,-0.930334185175896,1.68815578885514,0.0051152261629011,0.00397786337646407,0.00429235991502373,0.0675630162314015,0.599078713624839,0.0330358355331413,0.28693698515623,0.00379367116470141,-1.40358276336476,1.41117010569416,0.0154578032656947,0.00115496073737059,0.972337241776431,0.0110499942205043,node 117,21,0.2932497789
0.728247785425694,-0.562668859177927,2.01916443002931,0.763855064106701,-0.848561258198151,2.37627138641155,1.0984268706883,-0.00125230375756247,2.19810604513416,-1.2141866759946,-3.3762126035862,0.947839251597011,4.01745955926314,3.72929686450761,4.30562225401867,-0.104340185345443,-1.73166954800268,1.52298917731179,0.278465748041358,-1.2722925560436,1.82922405212632,0.000570423276179112,0.00210219121467162,0.00058773793077348,0.000998536092761152,0.00196325786358714,0.00459050401540615,0.989187349606621,-0.0513787427714606,-1.71837056971376,1.61561308417084,0.999353192606443,0.000454030248849319,9.44664070462313e-05,9.83107376611891e-05,node 183,22,0.2064803223
-0.995863484858286,-2.06508079546577,0.0733538257491942,-1.85246987191129,-3.18797317564611,-0.516966568176475,-1.39122587129048,-2.30204843628505,-0.48040330629591,-2.21566777983071,-4.00639188074502,-0.424943678916392,4.15702122587684,3.91834699172555,4.39569546002812,0.419511157896964,-0.9283440517221,1.76736636751603,0.462714884554574,-0.821719420500858,1.74714918961001,0.00090875644824206,0.000900482993151077,0.000888240439085365,0.000889243055881376,0.969033432927375,0.000897212590383833,0.0264826315458813,-0.162689721629034,-1.54339584658196,1.21801640332389,0.000218756453362203,0.999746295514584,1.66370938847868e-05,1.83109381685283e-05,node 143,23,0.2505275207
-0.0672597004757939,-1.02720046198329,0.892681061031705,2.01320358088195,0.814191887314621,3.21221527444928,0.431217320019352,-0.386517015148067,1.24895165518677,-1.39894832577713,-3.00665616966236,0.208759518108099,4.51207061306993,4.29778945262628,4.72635177351357,0.854877928897161,-0.355223276430744,2.06497913422507,1.01851843658018,-0.134643631288646,2.17168050444901,0.0362346662199105,0.000487229196079338,0.000485577370115252,0.000485712648133776,0.000541102425701572,0.000486787937157799,0.961278924202902,-0.982802016981056,-2.22239669605743,0.256792662095315,2.47721119703156e-05,0.999946233101951,6.10382965530449e-06,2.28909564230418e-05,node 154,24,0.0851110199
2.08201588825377,1.14195058062466,3.02208119588289,-3.77432520754797,-4.94851151337187,-2.60013890172406,0.31290068520392,-0.487902562426526,1.11370393283437,2.81869016145558,1.24426970819108,4.39311061472008,3.80794267002723,3.59809817431561,4.01778716573886,0.38339616428604,-0.801650046338961,1.56844237491104,0.402574401838599,-0.726711589074981,1.53186039275218,6.2964378557868e-05,7.36068566997062e-05,0.000116640485755512,0.998599346773798,6.31621068939501e-05,0.00053475616853216,0.000549523229763255,-0.443239360129504,-1.65716838580328,0.770689665544274,0.999983167714309,5.61078598201742e-06,5.61074984864059e-06,5.61074986035337e-06,node 166,25,0.2538920892
0.488407230265423,-0.581586943614712,1.55840140414556,0.106277021467573,-1.23019662146479,1.44275066439994,-0.436735772485405,-1.34822011557843,0.474748570607622,-1.4861824229407,-3.2782076137005,0.305842767819109,4.00412008404433,3.76527243589684,4.24296773219181,0.221582870549293,-1.12725165281527,1.57041739391386,0.327944901620061,-0.957422637332574,1.61331244057269,0.00582538928445282,0.0677245010479837,0.134374326101132,0.0471795332776835,0.566554968928693,0.00694991328290739,0.171391368077147,-0.123788546703113,-1.50549785395412,1.2579207605479,0.305545583220078,0.266578146318006,0.00668308510430839,0.421193185357608,node 122,26,0.2051986227
1.22550042763631,0.16041531666139,2.29058553861123,-0.59970536151951,-1.93004735126677,0.730636628227747,0.519568805908607,-0.387733706958993,1.42687131877621,3.87832279883136,2.09451930180028,5.66212629586243,3.82555862163978,3.58780679079499,4.06331045248457,-0.0455712484222259,-1.38821740769514,1.29707491085068,0.184331632888848,-1.09513872432292,1.46380199010061,0.000515135207480626,0.00213695734707818,0.000711497296683245,0.00496942627522849,0.000545267305363274,0.973931411745151,0.0171903048230156,-0.0563461018389454,-1.43171621765173,1.31902401397383,0.993717016893823,0.00585232683029461,0.000215325658359578,0.000215330617522754,node 172,27,0.125365985
-1.19880940401559,-2.15629253151079,-0.241326276520394,-2.21090843671946,-3.40685042844953,-1.01496644498939,-1.73335262135316,-2.54899339846396,-0.917711844242363,-2.63828800709989,-4.24187980795682,-1.03469620624295,4.16614609111845,3.95241353188982,4.37987865034708,0.443746153144555,-0.763256959051156,1.65074926534027,0.364057339001993,-0.786152410939172,1.51426708894316,4.2271866426762e-05,4.20226666069672e-05,4.16539159177504e-05,4.16841151419132e-05,0.998977875928099,4.19241607504302e-05,0.000812567347057261,-0.14439062496165,-1.38081170190868,1.09203045198538,6.5279560783144e-06,0.999989242414223,2.09646523218872e-06,2.13316446595048e-06,node 144,28,0.09143002532
-0.583295575485327,-1.01907198065738,-0.147519170313271,1.98774246728485,1.4434369991417,2.532047935428,-0.12719901580369,-0.498419140267834,0.244021108660453,0.692019103727101,-0.037818791347792,1.42185699880199,5.03325257171622,4.93597711729382,5.13052802613862,1.8801288239573,1.33078914145018,2.42946850646441,1.93625105720423,1.41275956620067,2.45974254820779,0.99998546188083,5.69866235498139e-07,5.69847120467316e-07,5.69848685912799e-07,5.70489659797624e-07,5.69861129222978e-07,1.16882063389732e-05,-1.59940184114679,-2.16213043313823,-1.03667324915534,7.88757508104565e-08,0.999999763513751,7.87476549515585e-08,7.88628429150494e-08,node 156,29,0.05263675531
-1.94766101765981,-3.14202642561886,-0.75329560970076,1.31924102169274,-0.172578211283987,2.81106025466946,0.265806964283237,-0.751624154373062,1.28323808293954,0.216259679850196,-1.78406233150544,2.21658169120584,3.81401368375782,3.54740347625992,4.08062389125573,-0.332881753772683,-1.83849863944747,1.1727351319021,-0.515263908977972,-1.95003669794688,0.919508879990933,0.00194222535292823,0.93492077389513,0.0019418633109146,0.00194275717613389,0.00203471072136249,0.00199250314313187,0.0552251664003989,0.570364682153336,-0.971948202085353,2.11267756639203,2.94838152030486e-05,0.999918251892071,2.61285537266984e-05,2.61357389987271e-05,node 138,30,0.2622236606
-0.0720089765352213,-0.874791278697583,0.73077332562714,0.0163807323915955,-0.98633256646862,1.01909403125181,-0.135862227975854,-0.81971968925502,0.547995233303313,-0.221603368980815,-1.5661023796196,1.12289564165797,4.04035573967374,3.86115601174384,4.21955546760365,0.148737886034429,-0.863249384864469,1.16072515693333,0.278825244029771,-0.685544784550178,1.24319527260972,7.62598356134245e-05,0.00176533606698366,0.000118489446002497,0.000962456747370966,0.0107347603535159,0.00495253297818363,0.98139016457233,-0.108585546142043,-1.14523771273448,0.928066620450394,0.922473841997446,0.0764328858258415,0.000136439783757596,0.000956832392954922,node 134,31,0.01002346021
1.01468790611678,-0.0318554824108586,2.06123129464442,-3.14868064616797,-4.45586314219995,-1.84149815013599,1.76884412281749,0.877336546144161,2.66035169949083,2.14427798104066,0.391528142540376,3.89702781954095,4.15159771325073,3.91798482718456,4.3852105993169,-0.312155809715678,-1.63142827596291,1.00711665653155,0.0611397400432137,-1.1960567312617,1.31833621134813,0.000221716001516931,0.000264139347300399,0.000435681210146704,0.994592322958212,0.000222504191773095,0.00210238570805805,0.00216125058299258,0.111665748047822,-1.2397609939567,1.46309249005234,0.999947593302623,1.74689926203648e-05,1.74688523554794e-05,1.74688524009469e-05,node 168,32,0.2249622817
-0.729989249019608,-1.89966409134346,0.439685593304243,0.616991199837456,-0.843988341666119,2.07797074134103,-0.89422757600616,-1.89062581004685,0.102170658034532,0.908524546685078,-1.05044572961211,2.86749482298226,3.98874476493831,3.72764606738818,4.24984346248845,0.0791728047523393,-1.39531915693395,1.55366476643863,0.629163142745705,-0.775949249596202,2.03427553508761,0.00157611504049997,0.00254812839004859,0.00157527699004948,0.00157734609838902,0.00179019904665843,0.0307032632374172,0.960229671196937,-0.67022573559005,-2.18065509637391,0.840203625193805,2.85047331489704e-05,0.999915270830097,2.8111797642548e-05,2.8112639111543e-05,node 141,33,0.211213375
0.0813506549778095,-0.975506818125684,1.1382081280813,0.932469074249758,-0.387596204252542,2.25253435275206,-1.37294966029044,-2.27324338443422,-0.472655936146664,-1.75276942241227,-3.52279327962289,0.0172544347983594,3.97949267594885,3.74357744571682,4.21540790618088,-0.052349116036338,-1.38462351602529,1.27992528395261,0.065058215930341,-1.20452840649076,1.33464483835144,2.77213967884973e-05,4.50218893741961e-05,2.95775483390764e-05,3.58582178608777e-05,0.999577165457361,3.06461328344807e-05,0.000254009357442039,0.097227435205668,-1.26751813320195,1.46197300361328,0.99995822332318,2.22559341298078e-05,1.18377989100968e-05,7.68294378053278e-06,node 109,34,0.1795099503
0.0383637661731619,-0.955591152202943,1.03231868454927,1.25492728445492,0.0134302902652432,2.49642427864459,-1.5041670736427,-2.35087668006492,-0.657457467220466,-1.62709385665092,-3.29176857702853,0.0375808637266952,3.95243975646065,3.73056584311226,4.17431366980903,-0.277424640231983,-1.53040408750502,0.975554807041053,-0.141630885927124,-1.33565363712584,1.0523918652716,2.24823278067758e-05,0.00021264920703865,2.26060547196568e-05,2.30247101093605e-05,0.999658994238762,2.26772841732687e-05,3.75661773906153e-05,0.368023089713871,-0.915494891256023,1.65154107068377,0.999986633468346,4.6717631397836e-06,4.40131329109319e-06,4.29345522269381e-06,node 110,35,0.1298140501
-0.512188994463057,-1.39577421300219,0.371396224076078,-0.038709981601575,-1.14234996833152,1.06493000512837,-0.468335299830023,-1.2210254659515,0.284354866291455,-0.446588964838303,-1.92641662040694,1.03323869073033,4.06096970509186,3.86373288218408,4.25820652799964,0.183475427934736,-0.930371989363186,1.29732284523266,0.343365197180102,-0.718072131670067,1.40480252603027,5.1137929141238e-05,0.000808328137584632,2.51599777103804e-05,8.92983549623354e-05,0.00668733019043142,0.000599117273288987,0.991739628136881,-0.164880083313309,-1.30587500647044,0.97611483984382,0.0171471400279297,0.982705150702168,5.55538710907265e-05,9.2155398811806e-05,node 135,36,0.07597999248
0.540507849625497,0.0843959897100683,0.996619709540927,-0.239256538826262,-0.808961957684101,0.330448880031577,2.27790797997366,1.88936491201998,2.66645104792735,0.374974588529927,-0.388921106162259,1.13887028322211,5.05171859974121,4.94990379766811,5.15353340181431,0.960344430622188,0.385369876378612,1.53531898486576,0.546394706877136,-0.00152545304354856,1.09431486679782,0.999999207921388,1.25086962217361e-07,1.24284066889517e-07,1.26002098716071e-07,1.24381484727123e-07,1.24981968747668e-07,1.67342030899984e-07,-0.284367773237196,-0.873356028852984,0.304620482378593,0.999999841725819,5.44488952735853e-08,5.1908446972045e-08,5.19168390687669e-08,node 190,37,0.02849164237
2.1992115635521,1.37140096455668,3.02702216254751,-4.15798817423712,-5.19196300690884,-3.1240133415654,0.305087733429614,-0.400090311881227,1.01026577874046,2.89285822412025,1.50644184654478,4.27927460169572,3.8266192243423,3.64183259698655,4.01140585169806,0.575022516404336,-0.468515422389342,1.61856045519801,0.641871919615326,-0.352564216883528,1.63630805611418,9.20020707449284e-06,9.64150012595671e-06,1.14259004534464e-05,0.999902385320219,9.20840593002503e-06,2.87631731316983e-05,2.93754930655498e-05,-0.690854923544304,-1.75982673404047,0.378116886951865,0.999992256492567,2.58116987922878e-06,2.58116877657692e-06,2.58116877693434e-06,node 167,38,0.09220318062
-0.250916498272764,-1.29554900213338,0.793716005587854,0.439400893574926,-0.865394816571209,1.74419660372106,-0.0193256349219218,-0.909205406979153,0.870554137135309,-0.934019246679784,-2.68356873741788,0.815530244058312,4.48849554113927,4.25530920908596,4.72168187319259,0.439221481493739,-0.877642123778394,1.75608508676587,0.52416766009332,-0.730733294860544,1.77906861504718,0.0228279923947141,0.000285490178843191,0.000272349247027544,0.000273425437410936,0.000714073124350143,0.000281979788809913,0.975344689828844,-0.432675829491143,-1.78163499999485,0.91628334101256,0.00853208331387048,0.983403083613537,0.00035657503085316,0.00770825804173954,node 152,39,0.1076385501
0.658154314899579,0.137968825136914,1.17833980466224,-3.53318156314887,-4.1829179948741,-2.88344513142364,-0.956908293457109,-1.40003307020562,-0.513783516708594,2.9574055709319,2.08619942394698,3.82861171791682,5.01838947484649,4.9022719446176,5.13450700507538,-0.174372324177585,-0.830118088288436,0.481373439933267,-0.199347516806259,-0.824238342473512,0.425543308860994,1.98923508891868e-07,1.9767708052507e-07,1.97664558807877e-07,1.9766558428703e-07,1.98085468188328e-07,1.97673735548331e-07,0.999998812310064,0.383258312305289,-0.288469768321172,1.05498639293175,0.999999588337209,2.29268589743337e-07,9.09353277444155e-08,9.14588738677828e-08,node 159,40,0.01680348049
-0.896135504164781,-1.88912204393053,0.0968510356009687,-0.154284599805571,-1.39457204302692,1.08600284341578,-0.836333894033777,-1.68221857826197,0.00955079019441396,-1.37385357578947,-3.03690645662225,0.289199305043295,3.99575932304855,3.77410157438521,4.21741707171189,0.22402919499315,-1.02772951432334,1.47578790430964,0.248568613715657,-0.944290839157192,1.44142806658851,0.000884892003076226,0.361947277965277,0.00220996057894074,0.00363740219789078,0.627832455524551,0.000896483475165053,0.00259152825509995,0.020327942524045,-1.26193954776886,1.30259543281695,9.65328443599914e-06,9.63581787913496e-06,9.51932389784377e-06,0.999971191573787,node 128,41,0.0715830898
-1.41216513684754,-2.22664868538852,-0.597681588306565,-2.95568847205633,-3.9730171844919,-1.93835975962076,-2.01016335616943,-2.70398863141351,-1.31633808092535,-2.79196345918734,-4.15605970576033,-1.42786721261434,4.14613155939321,3.96431984043929,4.32794327834713,-0.0234999988828429,-1.0502378595206,1.00323786175491,-0.108766481638833,-1.08719303746679,0.869660074189128,2.76237724638098e-07,2.76080966127926e-07,2.75849004448691e-07,2.75868001193518e-07,0.999997859155173,2.76019001270466e-07,7.60790129344845e-07,0.179929582171431,-0.871832686347207,1.23169185069007,8.54958386301349e-08,0.999999746344024,8.40741822083254e-08,8.40859556053979e-08,node 146,42,0.005421884492
1.38771284495718,0.443648306222722,2.33177738369163,-1.78793248682837,-2.96711402262152,-0.608750951035225,0.583612354597585,-0.220597674701314,1.38782238389648,2.36523464809938,0.784116286510341,3.94635300968842,3.87189519004854,3.66115797270606,4.08263240739102,0.0813930120824334,-1.10869462877974,1.2714806529446,0.33922449129209,-0.794865714419157,1.47331469700334,0.00302492110311288,0.00768913348984287,0.0265492131642333,0.533564965323085,0.00311157826529551,0.209794160506551,0.21626602814788,-0.19528222442448,-1.41437555376924,1.02381110492028,0.999998127886344,6.43472285812305e-07,6.14315959488439e-07,6.14325410641531e-07,node 164,43,0.08522862529
-0.15774502779236,-1.14965279123231,0.834162735647587,1.29903920781647,0.0600992075637359,2.5379792080692,0.258054172038637,-0.586911546689861,1.10301989076713,-1.33190377900512,-2.99314992630772,0.329342368297478,4.43725034065311,4.215833400019,4.65866728128722,0.737498691251426,-0.512900112762075,1.98789749526493,0.671826721974889,-0.519736813495017,1.8633902574448,0.0208398366484578,0.000116367110507681,0.000113507283319494,0.00011374149186431,0.000209638514480337,0.000115603153354631,0.978491305798016,-0.620367021144329,-1.9012414615252,0.660507419236538,0.00031060058253665,0.999387593187291,2.04439926249591e-05,0.000281362237547003,node 153,44,0.09095334022
-0.222651841817979,-1.49638774980202,1.05108406616606,0.491586905678878,-1.0993698589772,2.08254367033495,1.00980036564761,-0.0752432408542014,2.09484397214943,-0.575350781684805,-2.7086024284722,1.55790086510259,4.38160925241138,4.09728169866428,4.66593680615848,0.165324791598625,-1.44034653659914,1.77099611979639,-0.0966121347567094,-1.62673148427052,1.4335072147571,0.000920222084412326,0.00120663504322662,0.000425582669405841,0.00197497975121814,0.000800192924639388,0.00195739022247338,0.992714997304624,0.14028612665841,-1.50451980033023,1.78509205364705,0.991947237858551,0.00749936843201819,0.000247627941018165,0.000305765768413083,node 186,45,0.249459768
-1.05974709822741,-1.7847523834559,-0.334741812998929,-3.42005871645155,-4.32562481984519,-2.51449261305791,-2.06756722521668,-2.68516962182513,-1.44996482860822,-2.92916444033341,-4.14340257945526,-1.71492630121155,4.13306856539543,3.97123048113431,4.29490664965655,0.188514492961537,-0.725427080002116,1.10245606592519,0.253115251481466,-0.617822443274791,1.12405294623772,2.14959988194487e-06,2.14959980764131e-06,2.14959969769143e-06,2.14959970669593e-06,0.999987102171568,2.14959977826996e-06,2.14982955984617e-06,-0.156459445611782,-1.09267627263779,0.779757381414221,8.71932204561836e-07,0.999997384204122,8.71931835366604e-07,8.71931838424083e-07,node 149,46,0.04416718222
1.18989944231455,0.255132154572525,2.12466673005657,-1.3356628111381,-2.50323163799653,-0.168093984279674,0.975510339414668,0.179220258579299,1.77180042025004,3.74062340658119,2.17507607181638,5.30617074134601,3.8030766176741,3.59441476353264,4.01173847181555,0.00432127452219403,-1.17404625288786,1.18268880193225,0.523269221746566,-0.599652339388018,1.64619078288115,2.0715137201117e-05,2.32937324423116e-05,2.10273405780513e-05,2.77971799663244e-05,2.07630453424049e-05,0.999839175955915,4.72276085547272e-05,-0.375324285398832,-1.58241185009395,0.831763279296282,0.999973479546962,1.19929771155581e-05,7.26373588066064e-06,7.26374004122015e-06,node 175,47,0.1621691104
-2.13508305569114,-2.89291335199383,-1.37725275938845,-0.458990333709473,-1.40555643803821,0.487575770619269,1.42495437505393,0.779389691933668,2.07051905817419,1.85067741309524,0.581463977688702,3.11989084850179,3.56647613752963,3.39731074543181,3.73564152962744,0.274052644608351,-0.681268133258968,1.22937342247567,0.264914618518285,-0.645455257020362,1.17528449405693,1.78078958646307e-05,0.999850159920079,1.78700633666053e-05,1.9224307550584e-05,1.79273213345808e-05,3.39701800591508e-05,4.30403117462306e-05,-0.374023655999558,-1.35262821224784,0.604580900248726,0.999984554071822,5.14971103042546e-06,5.14810199064496e-06,5.14811515673662e-06,node 177,48,0.4042515809
0.210558294979555,-0.785942781366465,1.20705937132557,-0.157332500349501,-1.40200976701224,1.08734476631324,-0.270589585705796,-1.11946816012923,0.578288988717635,-1.62086942418933,-3.28980844743244,0.0480695990537769,4.00702431207986,3.78458203690505,4.22946658725466,0.381050284009605,-0.875138849685655,1.63723941770487,0.485092960235529,-0.711988451359169,1.68217437183023,0.00411379425464121,0.140714735936094,0.0449772240727131,0.0889977083539146,0.65998099089546,0.00447126051323122,0.0567442859739459,-0.245890226684734,-1.53269612290748,1.04091566953801,0.00539858314339226,0.00472853856064393,0.000259646283050436,0.989613232012913,node 123,49,0.1495575755
-0.240737730884205,-1.42244054375362,0.940965081985208,0.905303843884838,-0.570699205227022,2.3813068929967,-1.48969502216932,-2.49633939315084,-0.483050651187804,-1.98579299329872,-3.96490770284379,-0.00667828375363655,4.04951422575188,3.78573060472559,4.31329784677816,0.054945335683214,-1.4347090841864,1.54459975555283,0.109157038931529,-1.31040436937341,1.52871844723647,0.00013487578490032,0.000143254233543413,0.000147737420077685,0.000191257400994011,0.997524864225736,0.000155141849921678,0.00170286908482672,-0.0728718425356304,-1.59883321204985,1.45308952697859,0.999762575028353,0.000137592560525303,6.44926820050002e-05,3.53397291170443e-05,node 106,50,0.1279779191
2.06541403180471,1.41811552981018,2.71271253379924,-0.886927032120562,-1.69543366528117,-0.0784203989599519,-0.510780301920419,-1.06218746307911,0.0406268592382755,0.485273017952285,-0.598821876984251,1.56936791288882,3.67671281402843,3.53222069563666,3.82120493242019,-0.520634609615932,-1.33661902123779,0.295349802005924,-0.0249354484042261,-0.802525179999948,0.752654283191496,3.98542405431739e-06,4.21291950895068e-06,2.36878134963314e-05,2.98623435754692e-05,3.98965072945e-06,1.40705270089097e-05,0.999920191321626,-0.0583333917671808,-0.894205573698963,0.777538790164601,0.999999073057692,3.0898082619298e-07,3.08980740890899e-07,3.08980740918558e-07,node 171,51,0.0249762444
-0.134392594396516,-1.12226974919931,0.853484560406281,-0.203522078617953,-1.43742765687099,1.03038349963509,0.915693229865726,0.0741610220437179,1.75722543768773,0.363248042410592,-1.29124764550804,2.01774373032922,4.24315310191881,4.02263588711226,4.46367031672535,0.41206410840259,-0.833253710861019,1.6573819276662,0.402387926329689,-0.784333700996338,1.58910955365572,0.0137693876628781,0.0182404180587061,0.0013005089861776,0.0375484505499966,0.00335588190200237,0.0160252104617429,0.909760142378496,-0.302195208431568,-1.57786482657715,0.973474409714015,0.89040503468322,0.108698514606926,0.000269132976316236,0.000627317733538533,node 187,52,0.0395350609
0.460278652154337,-0.34339447347014,1.26395177777881,0.66281470979104,-0.341011269966592,1.66664068954867,-1.49224204549405,-2.17685836290347,-0.807625728084639,-2.39652921655907,-3.74252017745665,-1.05053825566149,3.9552028939739,3.77580431347635,4.13460147447145,0.471877602772399,-0.541232640072756,1.48498784561755,0.524732082690976,-0.440708078408469,1.49017224379042,2.08353767144474e-06,2.08811375081171e-06,2.08402863415984e-06,2.0856899072171e-06,0.999987430926623,2.08431128087854e-06,2.14339213296446e-06,-0.366682625379968,-1.40448513381423,0.671119883054294,0.999997592416313,8.03754375319708e-07,8.022205149665e-07,8.01608796321833e-07,node 115,53,0.04215577182
0.0710146406507484,-0.809175573423935,0.951204854725431,1.61841047499384,0.519011010404242,2.71780993958344,-1.65537549900848,-2.40517359946304,-0.905577398553918,-1.53557470272923,-3.00971640815762,-0.0614329973008483,3.96441367557356,3.76793469682192,4.16089265432519,-0.411651743397869,-1.52121941848745,0.697915931691716,-0.465240307998453,-1.52259927021847,0.592118654221568,1.44848951743292e-05,0.000187876865541561,1.44885283927634e-05,1.4500822132613e-05,0.999739230439035,1.44906200327946e-05,1.49278296910679e-05,0.589422264152028,-0.547188607782017,1.72603313608607,0.999993658701453,2.11403777119313e-06,2.11369811667224e-06,2.11356265909767e-06,node 112,54,0.06150599843
0.436325417779896,-0.433614833968948,1.30626566952874,0.692314019560894,-0.394282754300157,1.77891079342194,-1.47753468607197,-2.21860126218242,-0.736468109961527,-2.35176955110117,-3.80874462970052,-0.89479447250182,3.94803447594961,3.75384352778252,4.1422254241167,0.288457704565922,-0.808188869282389,1.38510427841423,0.388422913472816,-0.656622926703423,1.43346875364906,7.20577027558454e-06,7.28619447348371e-06,7.21439890271136e-06,7.24359563257677e-06,0.999955572967077,7.21936639427303e-06,8.25770724441265e-06,-0.307293454158322,-1.43066830229868,0.816081393982035,0.999991678510355,2.80323313135156e-06,2.76646083424058e-06,2.7517956792915e-06,node 114,55,0.2846152271
-2.33585641751247,-3.44125088022728,-1.23046195479767,-1.66204238759972,-3.04273267594442,-0.281352099255008,1.84051972192445,0.898879318357968,2.78216012549093,0.745153454103794,-1.10616010560279,2.59646701381038,3.96979535823768,3.72304554021086,4.21654517626451,0.965387900626658,-0.428072222468168,2.35884802372148,1.12823996821498,-0.199653393072399,2.45613332950235,0.00179988864463332,0.943994508474187,0.00154522744890663,0.00447257845079335,0.00158720586075741,0.0027601425985802,0.0438404485221418,-1.11135609789792,-2.53877865271257,0.316066456916735,2.44594480680955e-05,0.999939367647907,1.80851695287758e-05,1.80877344959978e-05,node 195,56,0.2214436996
-0.563288381019456,-1.54296968824218,0.416392926203263,-0.568835022796861,-1.7925035973917,0.654833551797978,1.01855401542337,0.184003515474154,1.85310451537259,0.470243692785616,-1.17052559766127,2.1110129832325,4.15150478600488,3.93281707547683,4.37019249653294,0.531127689944538,-0.703858444872459,1.76611382476153,0.657439623016511,-0.519436458706746,1.83431570473977,0.00796443791932973,0.0577884492520746,0.00208340067068105,0.0696863985787018,0.00305283224438112,0.0301401339660292,0.829284347368803,-0.554878963090028,-1.81996508540111,0.710207159221051,0.000564541946070216,0.999422859058633,6.18715852460475e-06,6.41183677164259e-06,node 193,57,0.03288736013
0.107604150152339,-0.953646574568007,1.16885487487268,-0.0533919346812391,-1.37894459352263,1.27216072416015,0.344522252890167,-0.559513902905842,1.24855840868618,0.606544416858154,-1.17083725384243,2.38392608755873,4.11368916556211,3.87679325913387,4.35058507199034,0.245526662396434,-1.09228587003781,1.58333919483068,0.18568456983756,-1.08917959815958,1.4605487378347,0.00264676260298847,0.00448041506411623,0.000927528058546721,0.00714489565511238,0.010021236876067,0.0161317976450063,0.958647364098163,-0.0622918930021585,-1.43271057327924,1.30812678727492,0.920889125252588,0.0745049259302588,0.000359059652609896,0.00424688916454334,node 184,58,0.1050666261
-1.84207068098471,-2.76690118735716,-0.917240174612259,0.535186368099786,-0.619970945948387,1.69034368214796,0.530617832427018,-0.257207510132012,1.31844317498605,2.00494191967533,0.456036696581805,3.55384714276885,3.67823581651585,3.47179208366722,3.88467954936449,0.204061318427867,-0.961779903615683,1.36990254047142,0.0833539806593388,-1.02763067789586,1.19433863921454,7.58635268799311e-06,0.999814304170884,7.78904982702885e-06,1.22045629637746e-05,7.97573943055035e-06,6.02834800044752e-05,8.98566442019789e-05,-0.0539809092270286,-1.24823686825772,1.14027504980367,0.999999023295163,3.28365738617455e-07,3.24152310872941e-07,3.24186787569285e-07,node 178,59,0.06095223642
-0.0396065099139287,-0.996232963267417,0.91701994343956,0.124516172240632,-1.07035579271834,1.3193881371996,-0.543825171401819,-1.35873618279392,0.271085839990283,-0.921927550414919,-2.52408459426131,0.680229493431477,4.06692320254712,3.85338187296158,4.28046453213267,0.105971728276634,-1.09995146060191,1.31189491715517,0.250373674797655,-0.898806965677222,1.39955431527253,0.0011616782963417,0.00262992507759659,0.00362347667950191,0.0119534764950399,0.674305191212391,0.00504073141941561,0.301285520819713,-0.0590106792387096,-1.29432551218574,1.17630415370832,0.938874359811855,0.0437178027490746,0.0145250897294007,0.00288274770966961,node 104,60,0.06703519523
-1.88077896626377,-2.80233529576838,-0.959222636759159,0.563140353164616,-0.587927358161428,1.71420806449066,0.524573742547348,-0.26046246244028,1.30960994753498,1.97666571878905,0.433244083895721,3.52008735368237,3.6756196212751,3.46990676104576,3.88133248150443,0.223780626389504,-0.93793316869907,1.38549442147808,0.103691751395658,-1.00335968886224,1.21074319165356,2.49620847963215e-06,0.999948347062334,2.54924156617386e-06,3.70450350731954e-06,2.59808648794777e-06,1.62837307247383e-05,2.40211669000068e-05,-0.0688497315387936,-1.25887766693879,1.1211782038612,0.999999267342267,2.44763704653893e-07,2.43943659153267e-07,2.43950369238601e-07,node 179,61,0.0092278683
1.91285725278219,0.859016546819895,2.96669795874449,-1.31628394310425,-2.63258113588283,1.32496743181498e-05,-0.0474541024224718,-0.945177965829549,0.850269760984605,1.30463783748746,-0.46033354108016,3.06960921605507,3.760445882387,3.52520406492139,3.99568769985261,0.206537093159483,-1.12193437054409,1.53500855686306,0.647900359489273,-0.618062266978834,1.91386298595738,0.00919560541083675,0.0111580044008392,0.179150425844393,0.232412551940818,0.00923206514153571,0.0961907319027869,0.46266061535879,-0.378829453537654,-1.73967939770866,0.982020490633352,0.99995711587728,1.42955626079646e-05,1.42942798480692e-05,1.42942802638814e-05,node 169,62,0.1832017291
-0.083092537046457,-1.13892675389949,0.972741679806572,0.638034637084708,-0.680752545665208,1.95682181983462,-1.12553618131644,-2.02495823524553,-0.22611412738736,-1.54876061699269,-3.31707072564076,0.219549491655377,4.03674312757653,3.80105631199837,4.27242994315468,0.0439400565767554,-1.28704442670932,1.37492453986283,0.146923145855213,-1.12143425457526,1.41528054628569,0.000193969653474008,0.000237123532168116,0.000260214547713395,0.000484367736117909,0.990255926657871,0.000298351663651922,0.00827004620900318,-0.0220994559295786,-1.38552366883874,1.34132475697958,0.998830211275617,0.000816279366614763,0.000283077718315088,7.04316394526821e-05,node 105,63,0.1377237125
-0.187286368548576,-1.28188347455365,0.907310737456502,-0.31470967982059,-1.68191355580142,1.05249419616024,-0.347089507296329,-1.27953208359613,0.585353069003469,-0.405120091823583,-2.238350249125,1.42811006547784,4.46137553200029,4.21703593574783,4.70571512825275,0.408207610871384,-0.971641365689483,1.78805658743225,0.494764499826048,-0.82015816296598,1.80968716261808,0.00423238241787079,0.000192885459215925,0.000152304355749271,0.000155627787748679,0.00151641175854235,0.000182044865630386,0.993568343355243,-0.372641826915487,-1.786121494354,1.04083784052302,0.0200208193229095,0.975431738100445,0.000428687563227818,0.00411875501341725,node 151,64,0.2089684112
0.852574650382927,-0.0702080301046069,1.77535733087046,-0.7691257437635,-1.9217252258278,0.383473738300803,0.546566321172439,-0.239514562139011,1.33264720448389,2.65980877669352,1.11433325037933,4.20528430300771,3.85926830992593,3.65328169956297,4.06525492028888,0.0457423281683166,-1.11751740481778,1.20900206115441,0.23635733945551,-0.872167297370456,1.34488197628148,0.00156332276018338,0.0232183520946046,0.00418520508502705,0.0610382808219015,0.00196565507987809,0.683814265785856,0.224214918372549,-0.110603176554738,-1.30221472858408,1.0810083754746,0.999965147613116,3.21084575776172e-05,1.3669821598361e-06,1.37694714607195e-06,node 162,65,0.07887044542
0.987543574243464,0.178698454173274,1.79638869431365,-0.391254226416326,-1.40154027336575,0.619031820533094,0.506727672329156,-0.182294455948122,1.19574980060643,-1.33840745049706,-2.69306046260898,0.0162455616148482,4.25757387747634,4.07702078722561,4.43812696772707,0.163340127013377,-0.856289931390894,1.18297018541765,0.636552444291218,-0.335100754163427,1.60820564274586,0.031129046514222,0.000816361158873847,0.000820362089895391,0.950112772610209,0.00838705641550386,0.00431831862674429,0.00441608258455185,-0.0796424325877475,-1.12412366230586,0.964838797130368,0.000369512553536974,0.00024685970819458,0.484584782341323,0.514798845396945,node 120,66,0.01968719882
-1.92471647166885,-2.92007754001098,-0.929355403326716,0.372028831681675,-0.871224510732584,1.61528217409593,0.282383751011461,-0.565523697146138,1.13029119916906,1.27572271215567,-0.391307026802995,2.94275245111434,3.66245166399023,3.44026386518291,3.88463946279756,0.434121833575729,-0.820630206170714,1.68887387332217,0.328297933221391,-0.867414004297549,1.52400987074033,2.30396220902307e-05,0.999858507377175,2.30443286654356e-05,2.31468557398035e-05,2.30486635498021e-05,2.42632357731763e-05,2.49499170061537e-05,-0.265877621548893,-1.55121139791551,1.01945615481773,0.999973705127243,8.76499232040151e-06,8.76494000444823e-06,8.76494043252754e-06,node 180,67,0.1189736423
-0.52967924500477,-1.52547184344447,0.466113353434928,-0.437096067566304,-1.68088841160843,0.806696276475819,-0.612768126275095,-1.46104317730111,0.235506924750917,-0.765974540858749,-2.43372700600068,0.901777924283186,4.1679829200112,3.94569879362432,4.39026704639808,0.277369110998225,-0.977926915535879,1.53266513753233,0.399252179219703,-0.796978148766242,1.59548250720565,0.00112736438026577,0.000810508456604165,0.000341644392702896,0.000380042506608873,0.0161022049944346,0.000685258911140385,0.980552976358243,-0.210741999317258,-1.49663302091635,1.07514902228183,0.0108557082462315,0.989001746334127,2.64315751072787e-05,0.000116113844534029,node 142,68,0.07867171672
1.621754215081,0.661329612029729,2.58217881813226,-0.19164470590255,-1.39126074058349,1.00797132877839,1.03827102203061,0.220124522009916,1.8564175220513,-1.96997921959807,-3.57849740082526,-0.361461038370888,4.0152494040112,3.80086023885349,4.22963856916891,0.326716171553489,-0.883994964364698,1.53742730747168,0.710056101353411,-0.443687197917919,1.86379940062474,0.000759851657912864,0.0028286351945232,0.00137871701723225,0.9820178256048,0.0106927792198429,0.000765265385677555,0.00155692592001064,-0.638288652698311,-1.87850812804047,0.601930822643852,8.1030776494032e-05,7.32357143611512e-05,2.12461992364909e-05,0.999824487309908,node 124,69,0.3521520586
-2.46673940867039,-3.50957742668707,-1.42390139065372,0.930667091265384,-0.371887220664205,2.23322140319497,0.770455118032702,-0.117896004812611,1.65880624087802,0.36311116557145,-1.38343292203893,2.10965525318183,3.70773305145354,3.47494729048175,3.94051881242532,-0.681954320845678,-1.99655579748469,0.632647155793338,-0.774535899374769,-2.02728116609292,0.478209367343378,0.000191642450274314,0.996670420222285,0.000191627679302933,0.000191664148157583,0.000195415765743022,0.000193693736512558,0.00236553599772404,0.872958072779641,-0.473683834833445,2.21959998039273,1.47701021962517e-05,0.999955890198158,1.46697423629222e-05,1.46699572828944e-05,node 139,70,0.219367178
-0.595648124481028,-1.22049718226301,0.0292009333009523,1.79450503754529,1.01403882854864,2.57497124654195,0.00214652821110632,-0.530136868154851,0.534429924577064,0.362885753568455,-0.683610834265562,1.40938234140247,4.95314567102947,4.81366479202879,5.09262655003014,0.958349760337188,0.170665115315399,1.74603440535898,1.07076862634872,0.320147066695193,1.82139018600225,0.996791421295489,7.65575428301288e-05,7.65528165011537e-05,7.65532035688188e-05,7.6711688976098e-05,7.6556280266837e-05,0.00282564717236765,-0.816765315160086,-1.62364798783257,-0.00988264248760584,9.1559633970015e-07,0.999997299005306,8.73994160695054e-07,9.11404193444092e-07,node 155,71,0.2036021511
-2.54282658443269,-3.18363378811362,-1.90201938075176,0.685477626645892,-0.114921066007827,1.48587631929961,0.399271704054108,-0.146605785145965,0.94514919325418,1.53422728912765,0.4610040142267,2.60745056402861,3.56318140969629,3.42013830044259,3.70622451894998,-0.132381998994101,-0.940183480764017,0.675419482775816,0.791034147511391,0.0212423127095408,1.56082598231324,3.95291298329393e-06,0.999976271407479,3.95292905504987e-06,3.95327915890321e-06,3.95294385757623e-06,3.95709131246245e-06,3.9594361540291e-06,-0.431910549313219,-1.25940036102749,0.395579262401049,0.999995197245532,1.60091824897866e-06,1.60091810876121e-06,1.60091810990853e-06,node 181,72,0.2498967723
0.644455250947952,0.121990430557178,1.16692007133873,0.0968306219502051,-0.55575280220018,0.74941404610059,2.09656346421648,1.65149701878325,2.54162990964971,0.475755412384665,-0.399268155295947,1.35077898006528,5.05156315781553,4.9349368278444,5.16818948778666,0.592469992314307,-0.0661490957046612,1.25108908033328,0.546627743641631,-0.0810012068410935,1.17425669412436,0.999991374024635,7.02605252442712e-07,6.17395583815272e-07,7.99726851111651e-07,6.27734343268669e-07,6.9146250637069e-07,5.18705082761409e-06,-0.219331417407511,-0.894002852698923,0.455340017883901,0.999999417564242,4.31612634517164e-07,7.48222524465022e-08,7.60008709580097e-08,node 189,73,0.017899207
-0.0818861371102437,-0.99658247363865,0.832810199418162,1.46712415725073,0.324624903610914,2.60962341089055,-1.65833254651405,-2.43752500361577,-0.879140089412325,-1.33326559971752,-2.86519812511671,0.198666925681664,3.9268137537185,3.7226322038726,4.13099530356441,-0.329510607867435,-1.48257669665795,0.823555480923083,-0.261764747404206,-1.36057538364251,0.837045888834096,0.000100419318272498,0.00233617375279576,0.000100466165794955,0.000100624683996969,0.99715569232933,0.000100493135864359,0.00010613061394498,0.452753431025501,-0.728416029838574,1.63392289188958,0.999995038010236,1.65880495444535e-06,1.65279151448879e-06,1.65039329529474e-06,node 111,74,0.08721921759
0.572882948169534,-0.530437367798834,1.6762032641379,-0.240192268713377,-1.61829184906559,1.13790731163884,1.05291496143258,0.113041438780782,1.99278848408437,0.32579739186112,-1.52204238891312,2.17363717263536,4.19180962410197,3.94552280399083,4.43809644421311,0.528245848787016,-0.86259960517557,1.9190913027496,0.377425399767842,-0.947976320944306,1.70282712047999,0.00269761759235749,0.00590431537976384,0.00194616279499862,0.892695271253673,0.00207003278186792,0.00422181755262495,0.0904647826447138,-0.389790982980635,-1.81453514203004,1.03495317606877,0.000540464004385858,0.999409971667227,2.46783898460407e-05,2.48859385414347e-05,node 197,75,0.1403104596
0.64363638816588,-0.0505416833043197,1.33781445963608,0.813286947867128,-0.053774498511805,1.68034839424606,-1.56458189533989,-2.15592384738913,-0.973239943290639,-2.44967600483689,-3.61228475665522,-1.28706725301857,3.97784181869886,3.82288508733185,4.13279855006588,0.48174402012513,-0.393336770984424,1.35682481123468,0.829806086107844,-0.00409935104502568,1.66371152326071,2.63559640592115e-06,2.63568492831053e-06,2.63560590339468e-06,2.63563804004457e-06,0.999984185109085,2.63561137108017e-06,2.63675426607235e-06,-0.417318685387288,-1.31372758709349,0.479090216318919,0.999996725311105,1.09158069810369e-06,1.09155852070186e-06,1.09154967613517e-06,node 116,76,0.09052271908
1.80573527248271,0.767868518843998,2.84360202612142,0.727583840888911,-0.568761125256019,2.02392880703384,-0.998538563638432,-1.88265486936371,-0.114422257913155,-2.58243915210392,-4.32065737102015,-0.84422093318769,3.9307929461804,3.69911688733034,4.16246900503046,0.00323341954962087,-1.30510128182888,1.31156812092812,0.0843086017037935,-1.16246476160126,1.33108196500885,0.000683920815531247,0.00163920293817375,0.983076785661798,0.00132213473053594,0.00933759819166737,0.00070127546960625,0.00323908219268776,0.0831684806369361,-1.25705391327457,1.42339087454844,0.00378773733621563,0.990748084277449,0.000343763640975404,0.00512041474535972,node 130,77,0.3144025776
1.07339777763476,0.124352813806836,2.02244274146268,-1.10514466748261,-2.29054699123003,0.0802576562648152,0.60389502351913,-0.204557626539264,1.41234767357752,2.8063657870866,1.21690621444608,4.39582535972712,3.85926450600378,3.64741554165427,4.07111347035329,0.0595874578620158,-1.1367785062575,1.25595342198153,0.2597886263325,-0.880284487418435,1.39986174008344,0.00179196817757685,0.0167116641487838,0.00615127738567918,0.10042665672118,0.00206916364088169,0.663197138506822,0.209652131419077,-0.135114754054891,-1.36063942655431,1.09040991844452,0.999989516283681,5.65280011620499e-06,2.41493331670415e-06,2.4159828856546e-06,node 163,78,0.04644117492
-0.986283974257503,-1.73488521646326,-0.237682732051751,0.599108276819403,-0.335930299742505,1.53414685338131,-2.31586083129379,-2.95356366010094,-1.67815800248664,-2.85841439167036,-4.11217101634622,-1.6046577669945,4.04521771242672,3.87811246039274,4.2123229644607,0.42459474746822,-0.519091885945014,1.36828138088146,0.10871435300221,-0.790568801841104,1.00799750784552,4.33082354848678e-06,4.33226961679742e-06,4.33304338700881e-06,4.3405546660016e-06,0.999973727537962,4.33432134571124e-06,4.60144947447533e-06,-0.214571986276938,-1.18125884217306,0.752114869619184,0.999994859860699,1.71920570466545e-06,1.71191966970858e-06,1.70901392707075e-06,node 108,79,0.109078899
2.04134768009039e-12,-0.95279717601347,0.952797176017553,-7.47038343909035e-12,-1.19008901534053,1.19008901532559,-8.25761309099564e-11,-0.81164900648051,0.811649006315358,2.01875310154353e-12,-1.59574377392238,1.59574377392641,4.06591756370543,3.85323101810713,4.27860410930372,0.180462759882075,-1.02063324245743,1.38155876222158,0.246689524124956,-0.897891064398204,1.39127011264812,0.00107924193412098,0.0028704166773869,0.000679508619582311,0.00347157841832073,0.0173910846883919,0.00860958551992567,0.965898584142272,-0.0905986550057569,-1.32096864968443,1.13977133967291,0.92240222447354,0.0751545655452003,0.000290458413618173,0.00215275156764127,node 101,80,0
-1.07446932310475,-2.25844963917906,0.109510992969555,0.330645980233484,-1.14820177876497,1.80949373923194,-0.697384024951831,-1.70596850791086,0.311200458007195,-0.310779375949308,-2.29370844562348,1.67214969372486,3.92614653968182,3.66185452683676,4.19043855252688,0.0848690332349804,-1.40765640689328,1.57739447336324,0.480552670728441,-0.941744667136578,1.90285000859346,0.000337170980545646,0.00251317514744424,0.000335294873316063,0.000339926896498345,0.000816431568564811,0.00331715561869094,0.99234084491494,-0.446956520524337,-1.9758588849078,1.08194584385912,2.59999526301997e-05,0.999934945579298,1.95202959632123e-05,1.95341721085239e-05,node 140,81,0.1613913113
-1.06570536148579,-2.10283667573083,-0.0285740472407547,0.409235930796693,-0.886190436546848,1.70466229814023,-0.532838072073071,-1.41632788701084,0.350651742864693,-0.282339775611336,-2.01932628135388,1.45464673013121,3.95187796709212,3.72036607546262,4.18338985872162,0.062325366517301,-1.24508224005242,1.36973297308702,0.266153666583624,-0.979736224692732,1.51204355785998,0.000285936466030227,0.00806879541537871,0.000279226240855206,0.000295793480765034,0.00200009566355204,0.00121780426271771,0.987852348470701,-0.135538132491527,-1.47481083575988,1.20373457077683,9.11979931493916e-05,0.999901298032145,3.65825444427378e-06,3.84572026187023e-06,node 137,82,0.05240997539
0.189539566579606,-0.735654283671427,1.11473341683064,0.0241159956919468,-1.13149515215168,1.17972714353558,0.312228237519889,-0.475906622852015,1.10036309789179,0.321125736306306,-1.22838801475795,1.87063948737056,3.97490014965285,3.7683753099786,4.1814249893271,0.0777596958322295,-1.08853955745976,1.24405894912422,0.259728891664639,-0.851692246301766,1.37115002963104,0.00041939499060285,0.00667332650789161,0.000490087594461114,0.00216730220898519,0.00610608675745985,0.0168326577344623,0.967311144206137,-0.0964359972803561,-1.29116115103288,1.09828915647217,0.997826326147352,0.00210782808100506,2.17711911376706e-05,4.40745805053139e-05,node 160,83,0.08237887432
-0.914173421130159,-1.92480865822802,0.0964618159676983,-0.893021762037782,-2.15535326810755,0.369309744031985,-0.0774461271968089,-0.938365015990684,0.783472761597066,-1.1660806244934,-2.85869152627179,0.52653027728498,3.92584767271224,3.70025032329822,4.15144502212625,0.896238733450853,-0.37776792154149,2.1702453884432,0.696998852222395,-0.517061709225866,1.91105941367066,0.00116914190659058,0.928147749921755,0.00135572666084855,0.00155672670608439,0.0651904249492734,0.00117077411794218,0.00140945573750596,-0.363371627023177,-1.66842930623478,0.941686052188421,1.24180128209489e-05,1.24105571500328e-05,1.23608312197915e-05,0.999962810598809,node 127,84,0.1312930371
1.00315230309838,0.174121259366522,1.83218334683024,-0.528558762707613,-1.56405798893467,0.506940463519443,0.503941443011657,-0.202276249332817,1.21015913535613,-1.35059683952289,-2.73905721674343,0.0378635376976437,4.24845020107006,4.06339114199261,4.43350926014751,0.192388261766206,-0.852688169511411,1.23746469304382,0.599378619308777,-0.396523618675117,1.59528085729267,0.0272011314746269,0.000851921657371307,0.000856718751233106,0.950942368805859,0.00992914282156078,0.00505074902604751,0.00516796746330109,-0.0725340210055065,-1.14308182125236,0.998013779241348,0.00039932705503019,0.000252430886779417,0.484510170148532,0.514838071909659,node 119,85,0.2178099139
-0.680923384662807,-1.82569844469924,0.463851675373624,-0.962957642323422,-2.39283617079885,0.466920886152002,-0.582644325779423,-1.55783145208192,0.392542800523078,-1.47355043740721,-3.39081858280242,0.443717707988011,4.23906086760163,3.98352038203425,4.49460135316901,0.0957366917111292,-1.34736660750072,1.53883999092298,0.42050866534692,-0.954692001622524,1.79570933231636,0.00523092897047746,0.00441658339532621,0.00464176120809672,0.0499432073452274,0.60733990199582,0.0252219335710481,0.303205683514004,-0.0111169872802286,-1.48939265809558,1.46715868353512,0.00314634805984764,0.000294135466281319,0.994292155122003,0.00226736135186769,node 121,86,0.08877249208
0.242937944754116,-0.693675563349912,1.17955145285814,-0.305055177934872,-1.47493002188489,0.864819666015146,0.466190448255269,-0.331672352315355,1.26405324882589,1.64431944977463,0.0756800669621063,3.21295883258716,3.88048226212657,3.67140828855288,4.08955623570026,0.0796766646116449,-1.1010182079586,1.26037153718189,0.229294782898755,-0.895844614352143,1.35443418014965,0.0042141981835054,0.130442968441686,0.00543501626782808,0.0320290684312978,0.0065594230809595,0.321602032692908,0.499717292901815,-0.103109778270062,-1.31258141188788,1.10636185534776,0.99993901363675,5.5748147160436e-05,2.40084886057882e-06,2.83736722892909e-06,node 161,87,0.09435314761
-1.17918067173895,-1.94767651082652,-0.410684832651392,-3.34794171843808,-4.30782959326568,-2.38805384361048,-2.07451437223696,-2.72916459572399,-1.41986414874992,-2.80177830645899,-4.0888543824389,-1.51470223047908,4.11326679809614,3.94172060816543,4.28481298802685,0.176911364392068,-0.791854395391822,1.14567712417596,0.181497312653307,-0.741684915340747,1.10467954064736,2.69563433930528e-06,2.69563312865557e-06,2.69563133721003e-06,2.69563148392234e-06,0.999983822460512,2.69563265009952e-06,2.69937654902066e-06,-0.0615243762381898,-1.05390160535935,0.930852852882975,1.08958257827527e-06,0.999996731268476,1.08957443926132e-06,1.08957450666427e-06,node 148,88,0.1440471072
-0.907150085529156,-1.85632629775048,0.0420261266921648,0.787326189408853,-0.39824006982788,1.97289244864559,-2.11057509898912,-2.91913955419427,-1.30201064378397,-2.5442105971367,-4.13388998445749,-0.954531209815916,4.05452775211517,3.842649490064,4.26640601416634,0.00117665127691798,-1.1953547645511,1.19770806710494,-0.0291156405727812,-1.16934642099942,1.11111513985386,2.32711958399724e-05,2.33455739678609e-05,2.33853726269684e-05,2.3771713206733e-05,0.99984558427398,2.34511040831527e-05,3.71907662948777e-05,-0.0108717635060323,-1.23656592022429,1.21482239321222,0.999974014827267,9.06273897278467e-06,8.56122186572333e-06,8.36121189456313e-06,node 107,89,0.3477240729
1.41813418114472,0.446623826192801,2.38964453609663,-2.17997393319164,-3.3934365995543,-0.966511266828981,0.702371238364886,-0.125218761008904,1.52996123773868,2.38795085219242,0.760866264577777,4.01503543980707,3.89991357056345,3.68304980710039,4.11677733402651,0.0655699697837656,-1.15911586361041,1.29025580317794,0.311342263364116,-0.855718179108381,1.47840270583661,0.000968962389184012,0.00184020269571004,0.00536312580345067,0.910449815083978,0.000985149304847934,0.0395919239058009,0.0408008208170288,-0.184322404516053,-1.43885717890649,1.07021236987438,0.999994025208127,1.99423270425266e-06,1.99027894378427e-06,1.99028022541336e-06,node 165,90,0.03703491197
-1.50103099665992,-2.49954147967614,-0.50252051364369,0.278059834634214,-0.969127276584901,1.52524694585333,0.615344995145254,-0.23524531076561,1.46593530105612,1.92390175544568,0.251597379886271,3.59620613100508,3.70234881414944,3.47945799255348,3.9252396357454,0.189366767281837,-1.06935542421356,1.44808895877724,0.128969956774796,-1.07052532413759,1.32846523768719,0.000426280695043987,0.98659210015333,0.000441970119765301,0.000783745348041765,0.000456420508629368,0.00450521153735573,0.00679427163783354,-0.0971996166791685,-1.38660030824384,1.19220107488551,0.9999834735449,5.84362681928366e-06,5.33935100223866e-06,5.34347727786782e-06,node 176,91,0.2434468193
0.0125075643689061,-1.01028578923603,1.03530091797385,-0.284473758389813,-1.5619913305673,0.993043813787672,-0.597253572478044,-1.46852946424281,0.274022319286717,-1.98586812855088,-3.69884143190559,-0.272894825196159,4.04961860625439,3.82130728175106,4.27792993075772,0.60619955059143,-0.683133624567255,1.89553272575011,0.689015539353675,-0.539650380398864,1.91768145910621,0.000808601958737477,0.0415154465053071,0.00219962449150614,0.00369811558271302,0.948357256761696,0.000820770384702144,0.00260018431533812,-0.326064403477041,-1.64682215204094,0.994693345086861,1.61954982859028e-05,1.58036975909927e-05,1.31905653533474e-05,0.99995481023877,node 129,92,0.09311169105
0.69528532399531,0.143200826400334,1.24736982159029,-3.37777289903781,-4.06735270958162,-2.688193088494,-1.02002176201858,-1.49032000093083,-0.549723523106323,2.92423192495426,1.99960135100405,3.84886249890447,5.00902497972542,4.8857868471746,5.13226311227625,0.0551660052680549,-0.640791644174162,0.751123654710272,0.00617741807171618,-0.65703319493023,0.669388031073663,2.33178758219599e-07,2.03662147661321e-07,2.03365621475186e-07,2.03389905797974e-07,2.13333156388572e-07,2.03582935427134e-07,0.999998739487475,0.116433806695386,-0.596486232812633,0.829353846203404,0.999994745150224,4.65259361237135e-06,2.92878033276407e-07,3.09378129908555e-07,node 158,93,0.05368842459
0.782333878332453,0.051701771407207,1.5129659852577,-3.10674962973519,-4.01934390120187,-2.19415535826851,-1.11841521219901,-1.74081086843744,-0.496019555960567,2.48268578692084,1.25902385235163,3.70634772149006,4.96237681486194,4.79928269280022,5.12547093692366,0.555190459185448,-0.365844284513787,1.47622520288468,0.57473862035215,-0.302958488738359,1.45243572944266,1.66404705389529e-05,8.770945245942e-06,8.69188737724763e-06,8.69836190426094e-06,1.13493662214051e-05,8.74982619911874e-06,0.999937099142513,-0.467019232703441,-1.41050211042247,0.47646364501559,0.99823269791415,0.00162206561513725,6.9680600746579e-05,7.55558699661044e-05,node 157,94,0.4348780039
-0.285387197244444,-1.24071042543702,0.669936030948132,-0.418095784195347,-1.61133995890939,0.775148390518698,0.993179224165815,0.17937837707058,1.80698007126105,0.419611932503465,-1.18036247112432,2.01958633613125,4.18365295916593,3.97040253982298,4.39690337850889,0.496018297949,-0.708262045452744,1.70029864135074,0.545396138813386,-0.602218957326134,1.69301123495291,0.0088099409529412,0.0392015753757607,0.00168799152063222,0.0835553751499497,0.00286197535274657,0.0232556202937412,0.840627521354228,-0.458984615541023,-1.69261656237687,0.774647331294822,0.00701496237404409,0.992892410519705,4.49112020449238e-05,4.77159042056636e-05,node 192,95,0.0647169293
2.04022658998572,1.18280279250728,2.89765038746416,0.932944048945183,-0.138019077888894,2.00390717577926,-1.17664421456699,-1.90704853439884,-0.446239894735136,-2.63454786140766,-4.07056039469686,-1.19853532811845,3.90151817146195,3.71012118772814,4.09291515519577,-0.40395147871467,-1.48481981185648,0.676916854427143,-0.644586421973124,-1.67459643820313,0.385423594256879,3.46586777495064e-06,5.00325155219407e-06,0.999958573419524,4.49297766854428e-06,1.73926679277354e-05,3.49379749644563e-06,7.57801805639115e-06,0.732044660568298,-0.37516738801542,1.83925670915202,3.98102641460483e-06,0.999989806939844,1.12637273901801e-06,5.08566100273841e-06,node 132,96,0.02672749452
0.6333392184613,0.319473581089387,0.947204855833214,-0.873373543241587,-1.26540666081324,-0.481340425669939,2.26992331930519,2.00255399965555,2.53729263895484,-0.00579319154285841,-0.531455052527309,0.519868669441592,5.05759138191637,4.98752925340146,5.12765351043128,0.668726612320575,0.27306762863672,1.06438559600443,-0.263053125490654,-0.640095086763735,0.113988835782427,0.999999806873569,3.2177322280041e-08,3.21761148022439e-08,3.21786985578258e-08,3.21762613093563e-08,3.21771643799025e-08,3.22408698627318e-08,0.416093132441989,0.0107908579348159,0.821395406949163,0.999999957704306,1.41005086980598e-08,1.40975879254959e-08,1.40975975739528e-08,node 191,97,0.03713360014
-0.0457633409523372,-0.850966098707678,0.759439416803004,0.0227072404407535,-0.98302932264171,1.02844380352322,-0.146523059900811,-0.832442408459375,0.539396288657753,-0.257959371581619,-1.60651215886855,1.09059341570532,4.04560061402783,3.86586058397298,4.22534064408268,0.152791507886421,-0.86224698903387,1.16783000480671,0.27263453199929,-0.694643152645188,1.23991221664377,0.000195597046534252,0.0019858668414984,0.00032673811409568,0.00175572330505239,0.0204918671322988,0.00536524113848449,0.969878966422036,-0.102637335661436,-1.14241509499283,0.937140423669961,0.923243566875979,0.0754108097337369,0.000160205735927628,0.00118541765435643,node 102,98,0.04468414858
