height_estimate,height_lowerCI95,height_upperCI95,scale_estimate,scale_lowerCI95,scale_upperCI95,shuf_estimate,shuf_lowerCI95,shuf_upperCI95,x4_estimate,x4_lowerCI95,x4_upperCI95,x5_estimate,x5_lowerCI95,x5_upperCI95,x6_estimate,x6_lowerCI95,x6_upperCI95,x7_estimate,x7_lowerCI95,x7_upperCI95,label,_key,length
0.667042898529704,-1.20371190010871,2.53779769716812,8.89701925654499,-4.38506984691084,22.1791083600008,0.901259823035033,-4.69241153553845,6.49493118160851,0.212814221370324,-1.82506465015708,2.25069309289772,79.4616720220486,34.3477949912878,124.575549052809,5.84936931802686,1.05604495706159,10.6426936789921,119.372609239792,86.8481699517614,151.897048527823,node 186,0,81.837337
0.567771701177901,-1.08411977376115,2.21966317611695,11.83153124363,0.103340154477836,23.5597223327821,0.665594806586337,-4.27366181729805,5.60485143047073,0.631939564339889,-1.16752380589156,2.43140293457134,85.4515927424573,45.6156778899054,125.287507595009,5.33895021590629,1.10640640297089,9.57149402884169,124.892366339965,96.1730258757976,153.611706804131,node 165,1,22.159165
1.15817891674855,-1.2637455096474,3.58010334314449,8.78591153341823,-8.40940238834215,25.9812254551786,4.42792506808961,-2.81377721508546,11.6696273512647,0.0969216296898691,-2.5413656651393,2.73520892451904,67.7376423129518,9.33212555054821,126.143159075355,4.17844040321731,-2.02711329195961,10.3839940983942,101.845300997118,59.7383749457484,143.952227048489,node 213,2,13.765769
0.76545407483087,-3.64972168659696,5.1806298362587,10.712126040015,-20.6349847162342,42.0592367962642,0.95549306553096,-12.2461527181612,14.1571388492232,0.329817409802067,-4.47978853366118,5.13942335326531,75.9258246254655,-30.547614071698,182.399263322629,6.44033944186881,-4.87240424351356,17.7530831272512,110.400315849268,33.6392587064179,187.161372992118,node 136,3,3.826936
1.19240474248407,-1.14057359780182,3.52538308276995,9.25981965216427,-7.30398989394128,25.8236291982698,3.65838924843631,-3.31735879279687,10.6341372896695,0.150897189743972,-2.39049801119845,2.6922923906864,68.2031630399759,11.9426108630204,124.463715216931,4.19615338059484,-1.78149901951435,10.173805780704,100.670504955151,60.1099716109919,141.23103829931,node 215,4,0.3073
1.04940954044995,-7.90387266615484,10.0026917470547,10.9139474993086,-52.6530641277965,74.4809591264137,0.887409440214896,-25.8834523962811,27.6582712767109,-0.341164869081285,-10.0942894650689,9.41195972690631,84.3505847891338,-131.560807117732,300.261976696,4.94645280090763,-17.9940125891858,27.8869181910011,113.681658596956,-41.9776954612382,269.34101265515,node 201,5,19.200704
1.43250412025828,-7.52992775077721,10.3949359912938,11.9853662616,-51.6466066625835,75.6173391857835,0.855039005092979,-25.9431808881103,27.6532588982962,-0.234247338300761,-9.99733898493469,9.52884430833317,94.032399950428,-122.099639171294,310.16443907215,4.30684216518818,-18.6570668688517,27.270751199228,113.973070130833,-41.8453575298983,269.791497791564,node 127,6,48.48527
0.737970197915547,-0.872500122089127,2.34844051792022,8.28182690221309,-3.15227996435311,19.7159337687793,0.831031143109419,-3.98437369209368,5.64643597831252,0.23664109369346,-1.5177007584553,1.99098294584222,72.8268262817778,33.9897964202155,111.66385614334,5.33109626078551,1.20468342297885,9.45750909859216,120.475841528919,92.4766381131153,148.475044944722,node 189,7,0.24158
0.637891414806838,-1.25539757758058,2.53118040719426,8.9778678434694,-4.46421078371594,22.4199464706547,0.917896671072343,-4.74315330614967,6.57894664829435,0.194339249136235,-1.86808691066295,2.25676540893542,79.6564110419894,33.9991143997861,125.313707684193,5.96337595391241,1.11231356125509,10.8144383465697,120.193329980891,87.2771172669536,153.109542694829,node 191,8,0.146863
29.3973177452655,14.6020166218815,44.1926188686495,9.03569402350217,-96.0088088564447,114.080196903449,0.734234037298931,-43.5046219557892,44.9730900303871,-0.230689965764407,-16.3477308410169,15.886350909488,122.497932502631,-234.295697533349,479.29156253861,3.72481708049053,-34.1843078107835,41.6339419717645,121.784155789695,-135.442966378252,379.011277957643,node 224,9,198.22727
0.0949429360221538,-2.14840685897492,2.33829273101922,9.59324933845534,-6.3342104703112,25.5207091472219,0.802787060020465,-5.90496614455236,7.51054026459329,0.174786161383729,-2.26897351893207,2.61854584169953,84.8547704109409,30.7556405505545,138.953900271327,1.70627422238502,-4.04172825787179,7.45427670264182,134.539199391517,95.5369238061209,173.541474976914,node 121,10,113.427885
0.398018896883327,-4.37779207814962,5.17382987191627,11.8473667318654,-22.0602019980494,45.7549354617802,2.93845522290169,-11.3415119242873,17.2184223700907,-0.806501247402226,-6.00895978847448,4.39595729367003,106.386183804619,-8.78409356503327,221.556461174272,5.11229671947022,-7.12448124130379,17.3490746802442,112.269110105574,29.2381462285207,195.300073982627,node 195,11,1.487873
0.756646025058974,-3.59018609568043,5.10347814579838,9.37310555741475,-21.4887752125535,40.2349863273831,0.817553764170406,-12.1797403504855,13.8148478788263,0.196974361853258,-4.53818245473159,4.9321311784381,71.0478668852365,-33.7774420815656,175.873175852039,5.93040884829841,-5.20722196923654,17.0680396658334,108.549893135938,32.9770401307499,184.122746141125,node 135,12,0.452857
0.764447732378912,-3.67126993703513,5.20016540179295,10.77744332243,-20.7155120161377,42.2703986609977,0.948489956716102,-12.3145773892442,14.2115573026764,0.339273199941034,-4.49270976497709,5.17125616485916,76.0152314375501,-30.953582234218,182.984045109318,6.46867348630564,-4.89670351480717,17.8340504874185,110.446390863818,33.3281976389738,187.564584088662,node 137,13,0.183
0.664907430392463,-4.33590623447164,5.66572109525657,9.63394018068376,-25.8711151771044,45.1389955384719,0.509307739358289,-14.4434312230502,15.4620467017668,0.440485624547449,-5.00707624485917,5.88804749395407,115.450159032968,-5.14613338046384,236.046451446399,7.29308763449391,-5.52020140899142,20.1063766779792,118.10166299463,31.1588629269748,205.044463062286,node 152,14,7.36979
0.591702146003045,-0.208031614301142,1.39143590630723,12.3348307339331,6.65683644460501,18.0128250232612,0.469504329222516,-1.92174856653577,2.8607572249808,0.749578120342704,-0.121599937924071,1.62075617860948,104.601142298439,85.3152954595212,123.886989137357,3.46572308246631,1.41661257458871,5.51483359034392,104.373512137508,90.4695562836822,118.277467991335,node 219,15,0.418711
0.564891217474251,-1.0155731319665,2.145355566915,11.7403411014514,0.519272295755503,22.9614099071473,0.663067159638875,-4.06261798688468,5.38875230616243,0.639802449143913,-1.08185284596574,2.36145774425356,86.762157302427,48.6487314466888,124.875583158165,5.44958605189446,1.40005573753937,9.49911636624955,127.4087936737,99.9312659839693,154.88632136343,node 166,16,0.161149
0.426202133274606,-2.77924914913999,3.6316534156892,12.4350066401621,-10.3232348893023,35.1932481696265,0.416856180729693,-9.16763936235019,10.0013517238096,-0.428544305802776,-3.92035490914723,3.06326629754168,103.900582310575,26.6000536211939,181.201110999957,1.66125782081581,-6.55188039006473,9.87439603169635,114.075535506605,58.3464224761249,169.804648537086,node 220,17,88.953784
0.496501621113971,-3.27682770602558,4.26983094825352,8.20248398973601,-18.5876097073255,34.9925776867976,0.818887101328525,-10.4635985558233,12.1013727584804,-0.0882361786254246,-4.19865627039218,4.02218391314133,115.699231911241,24.7041344323866,206.694329390096,3.35804058825225,-6.31013794529303,13.0262191217975,97.3807804249595,31.7786925919528,162.982868257966,node 129,18,24.962342
0.79005154581957,-6.54474660018782,8.12484969182696,6.98251450544232,-45.0934938533436,59.0585228642283,0.62602306234723,-21.3054723640449,22.5575184887393,0.0869288992304092,-7.9031241956733,8.07698199413412,97.8359793583779,-79.0451286549595,274.717087371715,7.86255376526795,-10.9309656535298,26.6560731840658,125.361072116067,-2.15975378982279,252.881898021957,node 204,19,89.129982
0.875547416430321,-3.7790416432783,5.53013647613894,9.96961559158562,-23.0772950329478,43.0165262161191,1.91048830691286,-12.00701789335,15.8279945071757,0.0951025320638894,-4.97530472137553,5.16550978550331,87.0241049901604,-25.2228653884557,199.271075368777,4.97623153773035,-6.94994667997212,16.9024097554328,107.188109312607,26.2646770202463,188.111541604968,node 211,20,4.320326
0.741451382375211,-3.31566867553662,4.79857144028704,9.90829387137815,-18.8966730605914,38.7132608033477,0.54207300069655,-11.5889643125595,12.6731103139526,0.166519454153757,-4.25304384258944,4.58608275089696,82.7055784473026,-15.1332273250433,180.544384219648,6.50121265517428,-3.89410608093361,16.8965313912822,112.544186287482,42.0081892108766,183.080183364088,node 170,21,2.086536
0.875609827623778,-3.33328880160695,5.08450845685451,9.24142861721675,-20.6411442680932,39.1240015025267,0.662112740551387,-11.922751791456,13.2469772725587,0.0585556086214996,-4.52634541376406,4.64345663100706,81.3031596521625,-20.1958370802008,182.802156384526,6.27808131900532,-4.50613067233031,17.0622933103409,109.981740975093,36.8069625190788,183.156519431106,node 174,22,2.505677
0.842061640265678,-1.87598682216206,3.56011010269341,14.4780606264799,-4.81969121772329,33.7758124706831,0.620892599582406,-7.50623867735593,8.74802387652074,-0.171920077975725,-3.13278568013829,2.78894552418684,111.965058912928,46.4184120798629,177.511705745993,6.81153388907909,-0.152760907182606,13.7758286853408,110.405005066886,63.1497462470241,157.660263886747,node 161,23,5.848672
0.606119599009335,-3.29217570304826,4.50441490106692,9.96898671867273,-17.7083473665838,37.6463208039293,0.912340561181453,-10.7438010102591,12.568482132622,0.36864122480657,-3.87790869013672,4.61519113974986,89.4491221357831,-4.55957158218581,183.457815853752,3.95530050011316,-6.03307095893064,13.943671959157,107.42623449289,39.6515218630632,175.200947122716,node 223,24,38.80503
0.748322892050176,-3.51675475964054,5.01340054374089,9.43669641701331,-20.8447394206203,39.7181322546469,0.823284396947837,-11.9295588509852,13.5761276448809,0.211917083193392,-4.43418172041801,4.85801588680479,70.9259530847417,-31.9278195449294,173.779725714413,5.96623027851172,-4.96192589895063,16.8943864559741,108.441908384071,34.2904165679791,182.593400200163,node 134,25,0.132548
0.669934078241587,-7.88917326124687,9.22904141773004,12.0173610874489,-48.7510658661369,72.7857880410348,1.0149568087803,-24.5772980472269,26.6072116647875,-0.138681430044557,-9.46241750650617,9.18505464641705,87.7735325488374,-118.632200734758,294.179265832432,5.18919134336894,-16.7413031010911,27.119685787829,123.617592791289,-25.1887431462389,272.423928728817,node 222,26,41.660523
0.741834366114494,-5.7434985711771,7.22716730340609,7.53826037563267,-38.5066675868016,53.583188338067,0.919976963823189,-18.4715654919516,20.311519419598,0.295230447635981,-6.76947037651612,7.35993127178808,132.045874600346,-24.3500960792227,288.441845279916,6.12657478036925,-10.4904101820191,22.7435597427576,117.237576313782,4.48532383519512,229.989828792369,node 154,27,37.18961
1.45304932010664,-0.889495247690244,3.79559388790352,7.18900936047151,-9.44271902046872,23.8207377414117,0.390834741041705,-6.61351690600704,7.39518638809045,-0.430537346252729,-2.98235337462752,2.12127868212206,72.2575893282277,15.7663443785511,128.748834277904,6.68002018525527,0.677856806259722,12.6821835642508,125.802020526647,85.075171326384,166.528869726911,node 176,28,0.319015
0.408677664763204,-4.45739437948588,5.27474970901229,12.0515762984541,-22.4968329974047,46.5999855943129,3.31536735761555,-11.2344859114938,17.865220626725,-0.697811086324854,-5.99859417854134,4.60297200589163,107.630605976937,-9.71634723513297,224.977559189006,5.09657278063548,-7.37147577863459,17.5646213399055,114.182680224953,29.5824616984237,198.782898751482,node 194,29,16.472059
0.357492334116628,-3.90982839643364,4.62481306466689,11.5288536375783,-18.7685077362615,41.8262150114181,0.355891469745506,-12.4036587212785,13.1154416607695,0.66739189366728,-3.98115037448494,5.3159341618195,98.9808648186194,-3.9270004072132,201.888730044452,2.58812429910561,-8.34577918663512,13.5220277848463,137.553574827409,63.3630854461425,211.744064208676,node 142,30,75.26926784
0.756381402943685,-3.54267809237323,5.0554408982606,9.58224057364318,-20.9404614498484,40.1049425971347,0.840091297053063,-12.0143597433826,13.6945423374888,0.223449243365317,-4.45966717537757,4.90656566210821,71.5891388907223,-32.0841172520991,175.262395033544,5.99936344777292,-5.01586239750615,17.014589293052,108.659964738439,33.9176737375897,183.402255739288,node 132,31,89.544031
1.53943568618547,-6.55393987752993,9.63281124990086,10.995722976458,-46.4660755784564,68.4575215313725,1.00076682125837,-23.1989215173113,25.2004551598281,-0.208464153489599,-9.02486225795314,8.60793395097394,97.4096440237755,-97.7648118755056,292.584099923057,4.25398673773143,-16.4831907268051,24.991164202268,118.489965317639,-22.2192833497337,259.199213985011,node 207,32,18.881258
0.670113541381437,-5.25410426209715,6.59433134486002,9.67346690230478,-32.3876245840578,51.7345583886673,0.557992506935039,-17.1557813523586,18.2717663662287,0.579415197166066,-5.87404321481953,7.03287360915166,123.684086695533,-19.1804050508469,266.548578441912,7.57502092453728,-7.60425192177375,22.7542937708483,120.978222303837,17.9813664793594,223.975078128314,node 151,33,35.189402
0.689533789907758,-5.14099825528061,6.52006583509613,11.0510540398796,-30.3448820823266,52.4469901620859,0.914210723656585,-16.5194369837568,18.3478584310699,-1.29980087634765,-7.65120410316328,5.05160235046798,97.2599064213001,-43.3453219613748,237.865134803975,7.55632262427654,-7.38290474530241,22.4955499938555,115.148104360248,13.7800439075001,216.516164812996,node 140,34,0.529869
0.799876704890378,0.713041812630297,0.886711597150459,10.1720363654676,9.55552116148319,10.788551569452,1.19896848424933,0.939326841147011,1.45861012735166,1.05406986775733,0.959477571440902,1.14866216407375,102.559474860024,100.465422419666,104.653527300382,6.09425412067326,5.8717622127252,6.31674602862131,126.744390159672,125.234702100365,128.254078218979,node 178,35,0.902541
0.736334172008412,-0.605785461310247,2.07845380532707,8.73116463557456,-0.79769108095776,18.2600203521069,0.667356778757191,-3.34566307725911,4.68037663477349,-0.0736263858506064,-1.53564441504014,1.38839164333893,121.942043184787,89.5763797947067,154.307706574867,6.56958898839634,3.13075524150531,10.0084227352874,116.526371199116,93.1926405771675,139.860101821065,node 177,36,3.386674
0.789886702455842,-7.29095897077563,8.87073237568731,9.05739866555679,-48.3154394750986,66.4302368062122,0.868959698778321,-23.2932635002782,25.0311828978348,0.33035446929689,-8.47239438562399,9.13310332421777,120.414307866164,-74.457985537577,315.286601269904,6.53950597106235,-14.16556689626,27.2445788383847,119.018878270655,-21.4725290940377,259.510285635347,node 150,37,27.06399
1.27322662466207,-5.14614830517567,7.69260155449982,10.1366912958393,-35.4399443320111,55.7133269236897,1.48040728029687,-17.7139166958398,20.6747312564336,0.0154220089313807,-6.97742844236797,7.00827246023073,102.443436189801,-52.3619351019528,257.248807481555,5.59530325746166,-10.8526814040004,22.0432879189237,116.685380576107,5.07985625802223,228.290904894193,node 147,38,5.599318
0.712150774557066,-2.5540190037509,3.97832055286503,8.93764990817988,-14.251684179898,32.1269839962577,1.17499303477026,-8.59105452766651,10.941040597207,-0.0808908960625201,-3.63884428839357,3.47706249626853,70.2908878592664,-8.47388764600994,149.055663364543,5.40024521676093,-2.96846840450406,13.7689588380259,98.6707891306817,41.8860406771188,155.455537584245,node 179,39,13.222613
0.526022751336133,-7.95658109989238,9.00862660256464,8.08769973259842,-52.1375634944887,68.3129629596855,0.65999290234383,-24.7035118409163,26.023497645604,-0.474485651135582,-9.71488379232285,8.76591249005169,90.6699844211415,-113.890841681515,295.230810523798,6.78042657710461,-14.9540475047499,28.5149006589591,103.633330750553,-43.8429361362127,251.109597637319,node 203,40,64.957127
0.915028130213547,-1.14160497039122,2.97166123081831,9.31733848210403,-5.28445974138886,23.9191367055969,2.00614508558258,-4.14331377365439,8.15560394481956,0.372194917364444,-1.86816771340726,2.61255754813615,64.0913637994791,14.4949694106443,113.687758188314,6.17944595809925,0.909856619148259,11.4490352970502,97.9141388019688,62.1580693977588,133.670208206179,node 216,41,2.654831
1.07168661476093,-8.44682155483069,10.5901947843526,11.7367418454325,-55.8432925516485,79.3167762425135,0.940418117600216,-27.5205039462343,29.4013401814348,-0.435301030279337,-10.8041461089555,9.93354404839683,92.5589476716144,-136.983057187489,322.100952530718,4.12046001857981,-20.2682504220177,28.5091704591773,122.230658455371,-43.2555620262393,287.716878936981,node 221,42,28.968685
0.946238229079288,0.636854093985217,1.25562236417336,8.63035632445896,6.43377361222649,10.8269390366914,0.577857749458595,-0.347219752163911,1.5029352510811,0.385663474762466,0.0486404760493938,0.722686473475538,74.1234051618982,66.6625033718502,81.5843069519462,6.205688867102,5.41297219855627,6.99840553564773,109.487213275319,104.10834399439,114.866082556248,node 180,43,5.663696
1.405676214923,-7.24232798983087,10.0536804196769,10.1128001260567,-51.28678174229,71.5123819944034,1.13726221508765,-24.7207997095231,26.9953241396984,-0.0643292414865683,-9.48490379384103,9.35624531086789,104.33942198096,-104.210088910968,312.888932872889,5.93676193429455,-16.2215076895745,28.0950315581636,106.683955983425,-43.6679169209599,257.03582888781,node 199,44,7.466171
0.620467471104938,-5.04290184054731,6.28383678275718,10.0194126269293,-30.1896922102683,50.228517464127,0.795296933746474,-16.1385239682071,17.7291178357001,0.353829363115903,-5.81547763012172,6.52313635635352,99.2268880473059,-37.3471551632859,235.800931257898,6.1919980603849,-8.31891812512682,20.7029142458966,114.631290651936,16.1694764812098,213.093104822662,node 157,45,12.643826
0.313960884054559,-5.30655699239651,5.93447876050563,8.8481645629616,-31.0567012681583,48.7530303940815,0.746344283328884,-16.0593482043969,17.5520367710547,0.296434949623554,-5.82619247102943,6.41906237027654,97.9543749697034,-37.5862915633758,233.495041502783,6.98336014206708,-7.41776034579275,21.3844806299269,114.980110391284,17.2632997365822,212.696921045985,node 163,46,7.400831
0.855276117061074,-4.57819885816365,6.2887510922858,10.187302310298,-28.3895859141011,48.7641905346972,1.63904873800366,-14.6073740259851,17.8854715019924,0.157750920335494,-5.76112410221819,6.07662594288918,90.8694873965877,-40.160577078144,221.899551871319,4.81151393384155,-9.11035759223751,18.7333854599206,107.095848073441,12.6309149441219,201.56078120276,node 210,47,69.971565
49.0163933356244,40.3186154288051,57.7141712424436,6.53995073476781,-55.2130172354467,68.2929187049823,0.54229834543659,-25.4645899950443,26.5491866859175,-0.205937991946465,-9.68073278517407,9.26885680128114,110.804590276299,-98.9452300714586,320.554410624057,2.84038618990338,-19.4454156465353,25.126188026342,118.944652943345,-32.2725721451662,270.161878031856,node 225,48,88.025179
0.526582552196654,-4.90484070853754,5.95800581293085,10.4515629411293,-28.1107584064681,49.0138842887267,0.738027226832501,-15.5022607852422,16.9783152389072,0.216676649068579,-5.69996336886895,6.13331666700611,102.400875075236,-28.5797116190326,233.381461769504,6.418536543187,-7.49807799621677,20.3351510825908,112.708499139893,18.2792365663477,207.137761713439,node 159,49,3.124649
15.534884961577,-6.54502771406195,37.6147976372159,9.75678431300497,-147.007409352466,166.520977978475,0.907364834808535,-65.1129255973836,66.9276552670006,-0.215431256273322,-24.2678552081478,23.8369926956011,108.850030864149,-423.614440708347,641.314502436645,4.31162246483177,-52.2624317047241,60.8856766343876,119.555447640904,-264.319969825093,503.430865106901,node 114,50,0
1.10517712767402,0.844269571714091,1.36608468363395,9.21506427694656,7.36265828095666,11.0674702729365,0.610269984995956,-0.16985957771888,1.39039954771079,-0.0226772041279052,-0.306892963509935,0.261538555254125,74.7821494075956,68.4902765204916,81.0740222946995,6.72572630966621,6.05721831233119,7.39423430700123,109.174170609892,104.638102083015,113.710239136768,node 181,51,0.016448
2.14604400311726,-3.4957358697605,7.78782387599502,10.4809828128081,-29.5748401246425,50.5368057502586,1.14419447079776,-15.7250726877105,18.013461629306,-0.232678256197231,-6.37846711592068,5.91311060352622,92.9391887333123,-43.1142179477116,228.992595414336,5.00176644364068,-9.45383239996572,19.4573652872471,115.905859356361,17.8193933558996,213.992325356822,node 118,52,1.329145
0.683341772763499,-3.69947223448805,5.06615578001505,10.6857928263355,-20.4315541453565,41.8031397980276,0.504418326700567,-12.6004638311114,13.6093004845125,0.513174764547021,-4.26117838409276,5.2875279131868,136.412790049632,30.7197658672254,242.105814232038,7.31120895029583,-3.9186161266352,18.5410340272269,112.493984284215,36.2955598871029,188.692408681327,node 153,53,6.63433
1.42907165739108,-4.63413897322557,7.49228228800772,10.245221412893,-32.8026990882247,53.2931419140108,1.67569442340015,-16.4536764969168,19.8050653437171,-0.0999952467531536,-6.70486342442513,6.50487293091882,100.510301428591,-45.7060487848778,246.72665164206,5.41228283561112,-10.1231231099202,20.9476887811424,115.565189711943,10.151842014231,220.978537409654,node 146,54,2.225571
0.774389562539944,-6.51942753261682,8.06820665769671,7.05072932911543,-44.7343194825682,58.8357781407991,0.626088982225447,-21.182870593635,22.4350485580859,0.0952886636133342,-7.85012233403516,8.04069966126183,98.3094689863297,-77.5833672930466,274.202305265706,7.86813390730661,-10.8203821890231,26.5566500036363,125.846876268936,-0.961464119706847,252.655216657578,node 205,55,0.764671
2.29731532658641,-5.11241089066754,9.70704154384036,10.4453707299318,-42.1626161219048,63.0533575817683,1.07269158688423,-21.0828433589522,23.2282265327206,-0.200860348512746,-8.27253522163603,7.87081452461054,95.8173221664753,-82.8707013201404,274.505345653091,4.87197700422724,-14.1135261793524,23.8574801878069,117.427200761293,-11.3963044192947,246.250705941881,node 115,56,189.291963
1.16092820721268,-1.14780774306417,3.46966415748953,9.02798821018292,-7.36370386525512,25.419680285621,3.9532586851945,-2.95000312601238,10.8565204964014,0.13573136466711,-2.37925574985442,2.65071847918864,67.7572914808659,12.0813526389106,123.433230322821,4.29116916431557,-1.62436839386837,10.2067067224995,101.108415119596,60.9693534416434,141.247476797549,node 214,57,0.280375
2.37070560059292,-3.85195772659227,8.59336892777812,10.5059733782808,-33.674038258004,54.6859850145656,1.08706748988378,-17.5190767534213,19.6932117331888,-0.294372007190388,-7.07293760452507,6.48419359014429,90.3825226757933,-59.6790825921875,240.444127943774,4.98990486179548,-10.954057296148,20.933867019739,115.897371413155,7.71182206045813,224.082920765851,node 131,58,1.585408
0.654311348714531,-3.40136291559192,4.70998561302098,8.95440885077867,-19.8402931552338,37.7491108567912,0.55237993301644,-11.5743343688611,12.679094234894,-0.137534859542555,-4.55552320255952,4.28045348347441,81.0243233655211,-16.7796166109587,178.828263342001,5.10559517366449,-5.28601909101045,15.4972094383394,98.0129675554005,27.5021066571843,168.523828453617,node 172,59,6.867016
0.787409801907363,-3.22563817474225,4.80045777855698,9.6969885886191,-18.7950729263896,38.1890501036278,0.593830607416653,-11.4054284851722,12.5930897000055,0.150750561233352,-4.22080347032241,4.52230459278912,84.1278437963754,-12.6481490108506,180.903836603601,6.43992136315904,-3.84247408609888,16.722316812417,111.40453244509,41.6347607083058,181.174304181873,node 169,60,7.684679
3.14669892640466,-3.24985884155728,9.5432566943666,10.6140471034229,-34.8005899678326,56.0286841746783,1.05237324599636,-18.0737260194719,20.1784725114647,-0.35205052499227,-7.32004544090624,6.6159443909217,87.8712909211629,-66.3838368882247,242.12641873055,4.66344923050883,-11.7260723667681,21.0529708277857,116.295387103836,5.08655581933021,227.504218388342,node 122,61,3.084369
0.573042111078637,-5.74231651767562,6.88840073983289,10.454897513631,-34.3832373870218,55.2930324142839,0.59594966077605,-18.2873592081863,19.4792585297384,0.614010302701981,-6.26553154052818,7.49355214593214,106.471258828705,-45.8257246082161,258.768242265626,6.53334911958054,-9.6481207264263,22.7148189655874,119.660741462736,9.86361655221469,229.457866373257,node 164,62,28.94624
3.31086941182656,-5.50055311625628,12.1222919399094,9.37235295513849,-53.1874754260984,71.9321813363754,0.634317876892424,-25.7123748374598,26.9810105912447,-0.21792970952746,-9.81652157798073,9.38066215892581,98.1754813687752,-114.314916991999,310.665879729549,5.01320106471918,-17.5637856624341,27.5901877918725,118.608681458547,-34.5843384200615,271.801701337155,node 126,63,43.827912
0.94694116804167,-0.49715610971598,2.39103844579932,7.87445391322238,-2.37842836252821,18.127336188973,1.06228728428101,-3.25565197075453,5.38022653931655,-0.646044517907759,-2.21915037492038,0.927061339104863,78.0911812676546,43.266292908885,112.916069626424,5.8881651757423,2.18804014272491,9.58829020875968,87.4002964357999,62.2936099418649,112.506982929735,node 217,64,1.702222
1.37790542530694,-6.19943412023876,8.95524497085264,10.3181463626743,-43.4798709319109,64.1161636572594,1.07661839447836,-21.5800906627184,23.7333274516751,-0.277426010581326,-8.53168796596721,7.97683594480455,90.9213439725732,-91.8087309292114,273.651418874358,5.27365092669415,-14.1413179732413,24.6886198266296,113.433145753604,-18.3044396281181,245.170731135327,node 200,65,12.822926
1.48482290154166,-6.761877743193,9.73152354627633,11.003844776255,-47.5465397276971,69.5542292802071,0.996837845548997,-23.6613018704394,25.6549775615374,-0.191556929396361,-9.17497742680622,8.7918635680135,97.9827548961103,-100.889186561337,296.854696353557,4.18997657753109,-16.9400566725587,25.3200098276209,118.324159237162,-25.0507580109211,261.699076485244,node 208,66,2.276244
0.507083304642201,-1.60260905611471,2.61677566539911,7.69038089419376,-7.28813041944711,22.6688922078346,0.844219787600661,-5.46388950729798,7.1523290824993,0.551835360533283,-1.74632658486887,2.84999730593544,73.0786677106592,22.2027315349536,123.954603886365,6.24693725005552,0.841397307397851,11.6524771927132,127.338419832001,90.6598764153004,164.016963248702,node 206,67,39.682931
2.42822661482554,-3.42329875404639,8.27975198369747,10.5129744432229,-31.0320112476097,52.0579601340555,1.09439699342027,-16.4020220368278,18.5908160236684,-0.286315380899111,-6.66058737213485,6.08795661033663,90.590185032162,-50.5213043654874,231.701674429811,4.92722214671148,-10.0657951743369,19.9202394677599,116.042230800356,14.3091860738288,217.775275526882,node 119,68,3.826488
0.533673327630628,-5.72620572267424,6.7935523779355,10.8226027810507,-33.6216351188176,55.266840680919,9.334249815821,-9.38317171762098,28.051671349263,-0.697867662789225,-7.51697365370697,6.12123832812852,111.4166533821,-39.5424214835285,262.375728247729,4.55743877114456,-11.4818790327501,20.5967565750393,119.784925879636,10.9523539839282,228.617497775344,node 192,69,76.087566
2.1730100777695,-4.26647305455488,8.61249321009387,12.7836961846347,-32.9357047790748,58.5030971483443,0.897629910786759,-18.3568188216268,20.1520786432003,-0.328824182185683,-7.34357920431479,6.68593083994343,89.4452715196537,-65.8450157936715,244.735558832979,5.03050605380643,-11.4690006654392,21.530012773052,95.4236376499574,-16.5314824630678,207.378757762983,node 143,70,62.587902
0.70526979626153,-5.17111854308465,6.58165813560771,11.0442932335536,-30.6772159596941,52.7658024268014,0.916908531925605,-16.6538523019261,18.4876693657773,-1.28566278603872,-7.68701888378044,5.11569331170299,97.5809338054728,-44.1301344324453,239.292002043391,7.56872144379859,-7.48800079579229,22.6254436833895,114.93520736343,12.7699017258005,217.10051300106,node 139,71,91.24035
0.793627092391412,-4.70211630776098,6.2893704925438,9.29822006703259,-29.7207649884547,48.3172051225199,0.721648652372063,-15.7109605136587,17.1542578184029,0.0373302259541862,-5.94937597769053,6.02403642959891,89.0579780571596,-43.4737102899953,221.589666404314,6.51993836192533,-7.56147986602077,20.6013565898714,116.177545101622,20.6300299002986,211.725060302945,node 168,72,63.056073
0.58697243702725,-2.22403277440644,3.39797764846094,9.97101750899959,-9.98671383864424,29.9287488566434,31.3061972916831,22.9011196452477,39.7112749381184,-0.769523863526099,-3.83165051545477,2.29260278840257,100.809221084725,33.0208911904237,168.597550979026,5.89875416525127,-1.30371821037607,13.1012265408786,108.372623940347,59.5012441079092,157.244003772784,node 196,73,30.122791
0.691064033782722,-3.17715486844732,4.55928293601276,8.75620112937742,-18.7075948574007,36.2199971161556,0.904013436456497,-10.6621978584952,12.4702247314082,-0.754799275989759,-4.96858591282477,3.45898736084526,79.2685296246909,-14.0148616622294,172.551920911611,6.16512115661685,-3.74618732223925,16.0764296354729,120.037219317267,52.7854068777301,187.289031756803,node 183,74,7.599002
1.72455567831624,-7.78194979454623,11.2310611511787,11.3971409974528,-56.0976759849492,78.8919579798548,0.883824507378345,-27.5412087585398,29.3088577732965,-0.0444033049311918,-10.4001734247279,10.3113668148655,93.3807684483903,-135.871787368716,322.633324265497,4.43076152492282,-19.9271951158336,28.7887181656792,115.189534720387,-50.0880101072336,280.467079548008,node 141,75,38.3271885
1.51720612579736,-4.38831863102882,7.42273088262353,10.2714705593767,-31.6569029933298,52.1998441120833,1.52930177363751,-16.1285787319466,19.1871822792216,-0.128382468576367,-6.56147788865883,6.30471295150609,99.4229233423269,-42.990779338259,241.836626022913,5.36454173752922,-9.7668350210824,20.4959184961408,114.996517988455,12.3246544405695,217.66838153634,node 145,76,5.307934
2.0626434199928,-3.51878993411674,7.64407677410235,10.4380989419105,-29.1892724208354,50.0654703046565,1.17052121001748,-15.5183061635071,17.8593485835421,-0.220576349569189,-6.30062762804603,5.85947492890765,93.7398119617065,-40.8583182560817,228.337942179495,5.04746160490206,-9.25351492330434,19.3484381331085,115.883331548028,18.8460338764947,212.920629219562,node 117,77,7.946463
1.1547835924369,-7.24081645581174,9.55038364068554,10.3768629200029,-49.2306858613647,69.9844117013704,1.3018856219381,-23.8014724248284,26.4052436687046,0.306976127748296,-8.83864571674619,9.45259797224278,103.10383242375,-99.3588679001029,305.566532747604,5.66858278421185,-15.8429665997487,27.1801321681724,118.355576542922,-27.6080656482368,264.31921873408,node 185,78,8.089557
1.38128561649687,-1.02607621848095,3.78864745147469,7.35922712117753,-9.73269450302815,24.4511487453832,0.419468686743488,-6.77869055670161,7.61762793018858,-0.390867854514276,-3.01329160731897,2.23155589829042,76.6278567233207,18.5735217186571,134.682191727984,6.66285614545771,0.494615316859605,12.8310969740558,124.710390825793,82.8566460683053,166.564135583282,node 175,79,14.650364
2.73553407197737,-3.38335761762405,8.8544257615788,10.5486597813283,-32.8945882032998,53.9919077659564,1.07096120798602,-17.2248994869849,19.3668219029569,-0.311272826107133,-6.97679633591132,6.35425068369706,89.2414364122302,-58.3176811429609,236.800553967421,4.76238117325165,-10.9156930560496,20.4404554025529,116.396973100684,10.0155695018138,222.778376699555,node 120,80,2.793039
1.39836459439386,-6.60214814052499,9.3988773293127,10.1887688797688,-46.6137169916382,66.9912547511758,1.20114471873838,-22.7208780775093,25.1231675149861,-0.128779615446505,-8.84401898072494,8.58645974983192,104.015549610124,-88.9194881451513,296.9505873654,5.53933043405293,-14.9599100973149,26.0385709654208,110.119434470117,-28.9753260561548,249.214194996389,node 198,81,16.578735
0.595757098578914,-2.0994946985161,3.29100889567392,10.0030528656222,-9.13284594448404,29.1389516757285,26.229281515046,18.1703136628576,34.2882493672343,-0.625031414363321,-3.56106380874437,2.31100098001773,97.2604416931004,32.263544061417,162.257339324784,6.15463405090726,-0.751250198249241,13.0605183000638,106.763855696846,59.9049335631841,153.622777830508,node 197,82,0.490477
1.20110924044314,-8.29882835259185,10.7010468334781,11.0638403109511,-56.3843456724805,78.5120262943827,1.03292504879973,-27.3724698544082,29.4383199520077,-0.159952006991192,-10.5085675047387,10.1886634907563,97.5057926334434,-131.588376567146,326.599961834033,3.92463626629841,-20.4164918844817,28.2657644170786,115.497177267513,-49.6661801696198,280.660534704645,node 209,83,20.779056
0.523180286298004,-4.63801685705332,5.68437742964933,10.1148366625485,-26.528918247709,46.7585915728059,0.796678521650076,-14.6356168586574,16.2289739019575,0.274740706304825,-5.34753251618188,5.89701392879153,100.454280664731,-24.0097129201759,224.918274249639,6.30130590513489,-6.92292423821488,19.5255360484846,113.914435606886,24.1832515603903,203.645619653381,node 158,84,3.800923
0.814020465044517,-6.43661692280565,8.06465785289468,12.0223562919766,-39.4561228290534,63.5008354130066,0.951421605895256,-20.7284280020483,22.6312712138388,0.0917773360159349,-7.8065964907201,7.99015116275197,91.7409210065639,-83.1106222037945,266.592464216922,3.55156137613903,-15.0263179103411,22.1294406626191,106.473878088073,-19.5837515340965,232.531507710243,node 128,85,31.956067
0.668071961547403,-6.27810743956219,7.614251362657,10.0595064939161,-39.2573648573034,59.3763778451356,0.801778259841809,-19.9677233315903,21.571279851274,0.379354710844874,-7.18736234350284,7.94607176519259,103.026204337058,-64.4832327967345,270.535641470851,6.24546940179272,-11.5523151946745,24.0432539982599,116.688508460016,-4.07589657029006,237.452913490322,node 156,86,35.315015
0.723196878413445,-3.45958083500947,4.90597459183636,10.1900408597364,-19.507077292823,39.8871590122958,0.491981257304992,-12.0147801375514,12.9987426521614,0.171152007072642,-4.38529458479725,4.72759859894254,84.9004609862616,-15.9686211338059,185.769543106329,6.37125346037058,-4.34603045350483,17.088537374246,109.157674909277,36.4370276632746,181.87832215528,node 171,87,3.207577
0.499820162090202,-0.723457292627235,1.72309761680764,8.78821710851063,0.103123710043233,17.473310506978,0.800970911652429,-2.85670355590572,4.45864537921058,-0.0387660227863814,-1.37132509509178,1.29379304951902,85.3563170411751,55.85657249593,114.85606158642,1.7909483063997,-1.34338315605832,4.92527976885772,107.206586089673,85.9390135904168,128.474158588929,node 130,88,6.583898
0.748585147032206,-3.511264626946,5.00843492101041,9.46545868586932,-20.7788599744356,39.7097773461743,0.827512235607876,-11.9096993379615,13.5647238091772,0.215036623292168,-4.42536726961206,4.8554405161964,71.0758302404842,-31.6518703713972,173.803530852366,5.95963264234452,-4.95512845329643,16.8743937379855,108.455269203525,34.3946678619036,182.515870545147,node 133,89,0.382187
0.967333883930728,-1.2828879901121,3.21755575797356,8.62149545326486,-7.35475512502329,24.597746031553,1.32713053054794,-5.40117061101808,8.05543167211395,0.320174160376531,-2.13107151687538,2.77141983762844,118.590335839721,64.3254834970282,172.855188182413,5.51266898475198,-0.252941417143998,11.278279386648,113.467875346228,74.3461236446306,152.589627047826,node 155,90,21.570916
0.818445660683937,-3.24657623255832,4.88346755392619,13.4694922149479,-15.3915766075613,42.330561037457,0.534300432315485,-11.6203638522572,12.6889647168882,-0.590408569703472,-5.01857961305135,3.83776247364441,121.418840993142,23.38947982162,219.448202164663,6.66167401934524,-3.7538911220175,17.077239160708,114.25895015036,43.5855738920172,184.932326408703,node 160,91,23.582683
1.76545358941834,-3.93084266006537,7.46174983890205,10.3605523255022,-30.0823290186432,50.8034336696476,1.28522333927026,-15.747051122288,18.3174978008285,-0.195958144653361,-6.40113360710976,6.00921731780304,95.3591544146367,-42.0089329033973,232.727241732671,5.19471914071856,-9.40056378989221,19.7900020713293,115.20172198261,16.1674489352743,214.235995029945,node 144,92,3.860003
0.820098622921775,-3.21842493977482,4.85862218561837,9.62091059870125,-19.052023900883,38.2938450982855,0.606422085187406,-11.4690105690663,12.6818547394411,0.16184628725306,-4.23745919445679,4.56115176896291,84.1896029305088,-13.2007421462112,181.579948007229,6.37862199357435,-3.96904804287038,16.7262920300191,109.606092962391,39.3934095450835,179.818776379698,node 173,93,1.540681
0.75674058960567,-0.841722087775341,2.35520326698668,8.52728392536996,-2.82157041137992,19.8761382621198,0.911799153088151,-3.86770209567121,5.69130040184751,0.246153398482111,-1.49510810705072,1.98741490401494,78.3345526637837,39.7870911161167,116.882014211451,5.53566752344935,1.44002115805674,9.63131388884195,118.810980350471,91.0205385766471,146.601422124294,node 188,94,0.751319
0.632805224928971,-0.556691355293161,1.8223018051511,11.0615154200144,2.61626135557728,19.5067694844516,0.38830376613718,-3.16836381892119,3.94497135119555,0.597432396860957,-0.698327983041889,1.8931927767638,109.23196932324,80.5468618534052,137.917076793075,4.2238180476185,1.17604132166091,7.27159477357609,103.830261482731,83.1499941730267,124.510528792436,node 218,95,23.090928
0.94864198532996,0.0887951397747825,1.80848883088514,9.27640587267601,3.17161735292905,15.381194392423,2.54819294463862,-0.0228017555980951,5.11918764487533,-0.225955188711792,-1.16261654090061,0.710706163477029,90.9311419459136,70.1956479710232,111.666635920804,5.51853623349765,3.31540152311308,7.72167094388222,115.125277086261,100.176211315793,130.074342856729,node 138,96,23.277091
0.652981072758273,-0.930404372208786,2.23636651772533,10.2266458214444,-1.0151623409477,21.4684539838366,0.714810500618623,-4.01960890033157,5.44922990156881,-1.69455084691864,-3.41938819392473,0.0302865000874408,90.0793392140086,51.8954701636492,128.263208264368,5.14750171258132,1.09048684794891,9.20451657721374,125.586130391895,98.0578173217562,153.114443462034,node 184,97,7.760501
2.98409353939095,-4.91649249353197,10.8846795723139,10.4547912023494,-45.6382295052155,66.5478119099143,1.03916740117227,-22.5840684395011,24.6624032418456,-0.551987894925587,-9.15837359597869,8.05439780612752,83.0875991008039,-107.437672848063,273.612871049671,4.44972029784297,-15.7934839559023,24.6929245515882,114.273691120555,-23.0837706668951,251.631152908005,node 124,98,16.586828
0.720788906935033,-4.10866804781251,5.55024586168258,8.36214023640487,-25.9263072078824,42.6505876806921,0.821751475033107,-13.6186204352229,15.2621233852892,-0.203483395434218,-5.46438038535201,5.05741359448357,95.2456440838184,-21.21832401099,211.709612178627,6.8489848336732,-5.52524704763652,19.2232167149829,124.616314318106,40.6526758802052,208.579952756007,node 182,99,14.099655
2.94139278660365,-5.09089751813658,10.9736830913439,10.475150889014,-46.5529511423335,67.5032529203614,1.05030917574718,-22.9667304994012,25.0673488508955,-0.57551416445152,-9.32536995202892,8.17434162312588,82.3393792762135,-111.361985192911,276.040743745338,4.41945441929137,-16.1612078995111,25.0001167380939,113.986634980621,-25.6606018194674,253.63387178071,node 125,100,1.291905
1.17038746358812,-6.4868523334874,8.82762726066363,10.2124631513949,-44.1528343987213,64.5777607015112,1.32277340975963,-21.5728422902801,24.2183891097994,0.183627632199297,-8.15767247192786,8.52492773632645,101.839535886248,-82.8173602776642,286.49643205016,5.70495987002673,-13.9147327181141,25.3246524581675,117.602533854827,-15.5241757893974,250.729243499051,node 167,101,13.011199
2.17583941988654,-4.68800940607759,9.03968824585068,10.3413556552795,-38.3909804934556,59.0736918040147,1.09178472199859,-19.4315434102174,21.6151128542146,-0.198904466211789,-7.67593593499172,7.27812700256814,95.1927384756229,-70.3312693300254,260.716746281271,5.01750063219312,-12.5693332016278,22.604334466014,117.151856649998,-2.18117116571251,236.484884465708,node 116,102,4.077365
0.436523343826994,-4.85272748621438,5.72577417386837,9.84640462650276,-27.7065129799462,47.3993222329517,0.85881548774262,-14.9563682540536,16.6739992295388,0.267514584515084,-5.49425201396978,6.02928118299995,99.4798452119704,-28.0722058131077,227.031896237049,6.27285882886529,-7.27947570121093,19.8251933589415,114.555298832797,22.5978078638823,206.512789801713,node 162,103,3.247461
0.833813005107837,-0.886030077343491,2.55365608755916,8.44489465896008,-3.76574303749621,20.6555323554164,0.773636417895818,-4.36879967183149,5.91607250762313,0.330304971743424,-1.54318046986605,2.20379041335289,78.2072153554421,36.7326247835589,119.681805927325,5.16081432440197,0.754162127036713,9.56746652176723,113.758759459372,83.8580306408013,143.659488277943,node 190,104,0.289332
0.833789612504619,-3.7753360439505,5.44291526895974,10.0634748517648,-22.66065217045,42.7876018739797,1.59400247661549,-12.1875653650621,15.3755703182931,0.0565251852020006,-4.96435718716509,5.0774075575691,88.3712073966942,-22.7793978221098,199.521812615498,5.22953212778861,-6.58015790102561,17.0392221566028,108.267626512006,28.1346087090385,188.400644314974,node 212,105,2.636326
3.40866094305062,-3.1942205170826,10.0115424031838,10.6030448917037,-36.2764606195886,57.4825504029961,1.04933440384966,-18.6936853304762,20.7923541381756,-0.376358569315995,-7.56910912572192,6.81639198708993,86.9839643136508,-72.246728269871,246.214656897173,4.62505397214883,-12.2931186170425,21.5432265613402,116.318625311758,1.52270586123906,231.114544762276,node 123,106,1.553188
0.916972749501819,-6.33959117234885,8.17353667135249,9.68910594522674,-41.8314507119543,61.2096626024077,1.07099619994308,-20.6265741074307,22.7685665073168,0.164363927715481,-7.74046588054727,8.06919373597823,109.434899676664,-65.559563881306,284.429363234634,6.04359902503084,-12.5494654689502,24.6366635190119,118.80826328256,-7.35240346421227,244.968930029332,node 149,107,1.503291
0.772166214743558,-0.881156717018518,2.42548914650563,8.58657278358022,-3.15178144244317,20.3249270096036,0.836735617833102,-4.10680114957293,5.78027238523914,0.280870986577171,-1.52015171982023,2.08189369297457,78.5799503807199,38.7095154685986,118.450385292841,5.42672940250696,1.19051785242799,9.66294095258592,116.328175160307,87.5839477731888,145.072402547425,node 187,108,0.545997
0.934627058073225,-6.29802102044821,8.16727513659466,9.70842740060564,-41.6423302202108,61.0591850214221,1.0936785511168,-20.5323819207915,22.7197390230251,0.145992120472052,-7.73278532013093,8.02476956107503,109.097845360241,-65.3198796450193,283.515570365501,6.00746026289326,-12.5243260804042,24.5392466061907,118.886798282485,-6.85807405074414,244.631670615713,node 148,109,16.990343
0.529854277144576,-5.65649866536238,6.71620721965153,10.8530157339744,-33.0691974110126,54.7752288789614,9.57315628140296,-8.92441768912168,28.0707302519276,-0.699426647334554,-7.43843806803065,6.03958477336155,111.034688357179,-38.1512798521632,260.220656566521,4.60814448188013,-11.2427817252477,20.459070689008,119.313059833353,11.7587930532587,226.867326613447,node 193,110,0.69942
0.509175493688851,-7.90814815784883,8.92649914522654,11.4365665718458,-48.3252166579611,71.1983498016527,0.590884602721574,-24.5774283476011,25.7591975530443,-0.813847207250319,-9.98313333537428,8.35543892087364,53.4159561058405,-149.570616169676,256.402528381358,5.44574260363887,-16.1214678840266,27.0129530913043,104.358888331181,-41.9824345783728,250.700211240736,node 202,111,45.046083
